{
  "_from": "pako@~1.0.5",
  "_id": "pako@1.0.10",
  "_inBundle": false,
  "_integrity": "sha512-0DTvPVU3ed8+HNXOu5Bs+o//Mbdj9VNQMUOe9oKCwh8l0GNwpTDMKCWbRjgtD291AWnkAgkqA/LOnQS8AmS1tw==",
  "_location": "/pako",
  "_phantomChildren": {},
  "_requested": {
    "type": "range",
    "registry": true,
    "raw": "pako@~1.0.5",
    "name": "pako",
    "escapedName": "pako",
    "rawSpec": "~1.0.5",
    "saveSpec": null,
    "fetchSpec": "~1.0.5"
  },
  "_requiredBy": [
    "/browserify-zlib",
    "/jszip"
  ],
  "_resolved": "https://registry.npmjs.org/pako/-/pako-1.0.10.tgz",
  "_shasum": "4328badb5086a426aa90f541977d4955da5c9732",
  "_spec": "pako@~1.0.5",
  "_where": "/Users/manuschn/projects/artificial-self-AMLD-2020/tsDataset/node_modules/browserify-zlib",
  "bugs": {
    "url": "https://github.com/nodeca/pako/issues"
  },
  "bundleDependencies": false,
  "contributors": [
    {
      "name": "Andrei Tuputcyn",
      "url": "https://github.com/andr83"
    },
    {
      "name": "Vitaly Puzrin",
      "url": "https://github.com/puzrin"
    },
    {
      "name": "Friedel Ziegelmayer",
      "url": "https://github.com/dignifiedquire"
    },
    {
      "name": "Kirill Efimov",
      "url": "https://github.com/Kirill89"
    },
    {
      "name": "Jean-loup Gailly"
    },
    {
      "name": "Mark Adler"
    }
  ],
  "dependencies": {},
  "deprecated": false,
  "description": "zlib port to javascript - fast, modularized, with browser support",
  "devDependencies": {
    "ansi": "^0.3.1",
    "benchmark": "^2.1.4",
    "browserify": "^16.2.3",
    "buffer-from": "^1.1.1",
    "eslint": "^5.9.0",
    "istanbul": "^0.4.5",
    "mocha": "^5.2.0",
    "multiparty": "^4.1.3",
    "ndoc": "^5.0.1",
    "uglify-js": "=3.4.8",
    "zlibjs": "^0.3.1"
  },
  "files": [
    "index.js",
    "dist/",
    "lib/"
  ],
  "homepage": "https://github.com/nodeca/pako",
  "keywords": [
    "zlib",
    "deflate",
    "inflate",
    "gzip"
  ],
  "license": "(MIT AND Zlib)",
  "name": "pako",
  "repository": {
    "type": "git",
    "url": "git+https://github.com/nodeca/pako.git"
  },
  "scripts": {
    "test": "make test"
  },
  "version": "1.0.10"
}
