{
  "_from": "yargs@12.0.2",
  "_id": "yargs@12.0.2",
  "_inBundle": false,
  "_integrity": "sha512-e7SkEx6N6SIZ5c5H22RTZae61qtn3PYUE8JYbBFlK9sYmh3DMQ6E5ygtaG/2BW0JZi4WGgTR2IV5ChqlqrDGVQ==",
  "_location": "/webpack-dev-server/yargs",
  "_phantomChildren": {},
  "_requested": {
    "type": "version",
    "registry": true,
    "raw": "yargs@12.0.2",
    "name": "yargs",
    "escapedName": "yargs",
    "rawSpec": "12.0.2",
    "saveSpec": null,
    "fetchSpec": "12.0.2"
  },
  "_requiredBy": [
    "/webpack-dev-server"
  ],
  "_resolved": "https://registry.npmjs.org/yargs/-/yargs-12.0.2.tgz",
  "_shasum": "fe58234369392af33ecbef53819171eff0f5aadc",
  "_spec": "yargs@12.0.2",
  "_where": "/Users/manuschn/projects/artificial-self-AMLD-2020/tsDataset/node_modules/webpack-dev-server",
  "bugs": {
    "url": "https://github.com/yargs/yargs/issues"
  },
  "bundleDependencies": false,
  "dependencies": {
    "cliui": "^4.0.0",
    "decamelize": "^2.0.0",
    "find-up": "^3.0.0",
    "get-caller-file": "^1.0.1",
    "os-locale": "^3.0.0",
    "require-directory": "^2.1.1",
    "require-main-filename": "^1.0.1",
    "set-blocking": "^2.0.0",
    "string-width": "^2.0.0",
    "which-module": "^2.0.0",
    "y18n": "^3.2.1 || ^4.0.0",
    "yargs-parser": "^10.1.0"
  },
  "deprecated": false,
  "description": "yargs the modern, pirate-themed, successor to optimist.",
  "devDependencies": {
    "chai": "^4.1.2",
    "chalk": "^1.1.3",
    "coveralls": "^3.0.2",
    "cpr": "^2.0.0",
    "cross-spawn": "^6.0.4",
    "es6-promise": "^4.0.2",
    "hashish": "0.0.4",
    "mocha": "^5.1.1",
    "nyc": "^11.7.3",
    "rimraf": "^2.5.0",
    "standard": "^11.0.1",
    "standard-version": "^4.2.0",
    "which": "^1.2.9",
    "yargs-test-extends": "^1.0.1"
  },
  "engine": {
    "node": ">=6"
  },
  "files": [
    "index.js",
    "yargs.js",
    "lib",
    "locales",
    "completion.sh.hbs",
    "LICENSE"
  ],
  "homepage": "http://yargs.js.org/",
  "keywords": [
    "argument",
    "args",
    "option",
    "parser",
    "parsing",
    "cli",
    "command"
  ],
  "license": "MIT",
  "main": "./index.js",
  "name": "yargs",
  "repository": {
    "type": "git",
    "url": "git+ssh://git@github.com/yargs/yargs.git"
  },
  "scripts": {
    "coverage": "nyc report --reporter=text-lcov | coveralls",
    "pretest": "standard",
    "release": "standard-version",
    "test": "nyc --cache mocha --require ./test/before.js --timeout=8000 --check-leaks"
  },
  "standard": {
    "ignore": [
      "**/example/**"
    ]
  },
  "version": "12.0.2"
}
