{
  "_from": "strip-ansi@^4.0.0",
  "_id": "strip-ansi@4.0.0",
  "_inBundle": false,
  "_integrity": "sha1-qEeQIusaw2iocTibY1JixQXuNo8=",
  "_location": "/webpack-dev-server/string-width/strip-ansi",
  "_phantomChildren": {},
  "_requested": {
    "type": "range",
    "registry": true,
    "raw": "strip-ansi@^4.0.0",
    "name": "strip-ansi",
    "escapedName": "strip-ansi",
    "rawSpec": "^4.0.0",
    "saveSpec": null,
    "fetchSpec": "^4.0.0"
  },
  "_requiredBy": [
    "/webpack-dev-server/string-width"
  ],
  "_resolved": "https://registry.npmjs.org/strip-ansi/-/strip-ansi-4.0.0.tgz",
  "_shasum": "a8479022eb1ac368a871389b635262c505ee368f",
  "_spec": "strip-ansi@^4.0.0",
  "_where": "/Users/manuschn/projects/artificial-self-AMLD-2020/tsDataset/node_modules/webpack-dev-server/node_modules/string-width",
  "author": {
    "name": "Sindre Sorhus",
    "email": "sindresorhus@gmail.com",
    "url": "sindresorhus.com"
  },
  "bugs": {
    "url": "https://github.com/chalk/strip-ansi/issues"
  },
  "bundleDependencies": false,
  "dependencies": {
    "ansi-regex": "^3.0.0"
  },
  "deprecated": false,
  "description": "Strip ANSI escape codes",
  "devDependencies": {
    "ava": "*",
    "xo": "*"
  },
  "engines": {
    "node": ">=4"
  },
  "files": [
    "index.js"
  ],
  "homepage": "https://github.com/chalk/strip-ansi#readme",
  "keywords": [
    "strip",
    "trim",
    "remove",
    "ansi",
    "styles",
    "color",
    "colour",
    "colors",
    "terminal",
    "console",
    "string",
    "tty",
    "escape",
    "formatting",
    "rgb",
    "256",
    "shell",
    "xterm",
    "log",
    "logging",
    "command-line",
    "text"
  ],
  "license": "MIT",
  "name": "strip-ansi",
  "repository": {
    "type": "git",
    "url": "git+https://github.com/chalk/strip-ansi.git"
  },
  "scripts": {
    "test": "xo && ava"
  },
  "version": "4.0.0"
}
