{
  "_from": "webpack-dev-server@3.1.8",
  "_id": "webpack-dev-server@3.1.8",
  "_inBundle": false,
  "_integrity": "sha512-c+tcJtDqnPdxCAzEEZKdIPmg3i5i7cAHe+B+0xFNK0BlCc2HF/unYccbU7xTgfGc5xxhCztCQzFmsqim+KhI+A==",
  "_location": "/webpack-dev-server",
  "_phantomChildren": {
    "end-of-stream": "1.4.4",
    "get-caller-file": "1.0.3",
    "is-stream": "1.1.0",
    "loud-rejection": "1.6.0",
    "mem": "4.3.0",
    "memory-fs": "0.4.1",
    "nice-try": "1.0.5",
    "npm-run-path": "2.0.2",
    "once": "1.4.0",
    "p-finally": "1.0.0",
    "path-exists": "3.0.0",
    "path-is-absolute": "1.0.1",
    "path-key": "2.0.1",
    "range-parser": "1.2.1",
    "require-directory": "2.1.1",
    "require-main-filename": "1.0.1",
    "semver": "5.5.1",
    "set-blocking": "2.0.0",
    "shebang-command": "1.2.0",
    "signal-exit": "3.0.2",
    "strip-eof": "1.0.0",
    "url-join": "4.0.1",
    "webpack-log": "2.0.0",
    "which": "1.3.1",
    "wrap-ansi": "2.1.0",
    "xregexp": "4.0.0",
    "y18n": "4.0.0"
  },
  "_requested": {
    "type": "version",
    "registry": true,
    "raw": "webpack-dev-server@3.1.8",
    "name": "webpack-dev-server",
    "escapedName": "webpack-dev-server",
    "rawSpec": "3.1.8",
    "saveSpec": null,
    "fetchSpec": "3.1.8"
  },
  "_requiredBy": [
    "/@angular-devkit/build-angular"
  ],
  "_resolved": "https://registry.npmjs.org/webpack-dev-server/-/webpack-dev-server-3.1.8.tgz",
  "_shasum": "eb7a95945d1108170f902604fb3b939533d9daeb",
  "_spec": "webpack-dev-server@3.1.8",
  "_where": "/Users/manuschn/projects/artificial-self-AMLD-2020/tsDataset/node_modules/@angular-devkit/build-angular",
  "author": {
    "name": "Tobias Koppers @sokra"
  },
  "bin": {
    "webpack-dev-server": "bin/webpack-dev-server.js"
  },
  "bugs": {
    "url": "https://github.com/webpack/webpack-dev-server/issues"
  },
  "bundleDependencies": false,
  "dependencies": {
    "ansi-html": "0.0.7",
    "bonjour": "^3.5.0",
    "chokidar": "^2.0.0",
    "compression": "^1.5.2",
    "connect-history-api-fallback": "^1.3.0",
    "debug": "^3.1.0",
    "del": "^3.0.0",
    "express": "^4.16.2",
    "html-entities": "^1.2.0",
    "http-proxy-middleware": "~0.18.0",
    "import-local": "^2.0.0",
    "internal-ip": "^3.0.1",
    "ip": "^1.1.5",
    "killable": "^1.0.0",
    "loglevel": "^1.4.1",
    "opn": "^5.1.0",
    "portfinder": "^1.0.9",
    "schema-utils": "^1.0.0",
    "selfsigned": "^1.9.1",
    "serve-index": "^1.7.2",
    "sockjs": "0.3.19",
    "sockjs-client": "1.1.5",
    "spdy": "^3.4.1",
    "strip-ansi": "^3.0.0",
    "supports-color": "^5.1.0",
    "webpack-dev-middleware": "3.2.0",
    "webpack-log": "^2.0.0",
    "yargs": "12.0.2"
  },
  "deprecated": false,
  "description": "Serves a webpack app. Updates the browser on changes.",
  "devDependencies": {
    "babel-cli": "^6.26.0",
    "babel-core": "^6.26.0",
    "babel-loader": "^7.1.4",
    "babel-preset-env": "^1.6.1",
    "copy-webpack-plugin": "^4.5.1",
    "css-loader": "^1.0.0",
    "eslint": "^5.4.0",
    "eslint-config-webpack": "^1.2.5",
    "eslint-plugin-import": "^2.9.0",
    "execa": "^0.11.0",
    "file-loader": "^2.0.0",
    "html-loader": "^0.5.5",
    "html-webpack-plugin": "^3.0.6",
    "jquery": "^3.2.1",
    "less": "^3.7.1",
    "less-loader": "^4.1.0",
    "marked": "^0.5.0",
    "mocha": "^5.2.0",
    "mocha-sinon": "^2.0.0",
    "nyc": "^12.0.2",
    "should": "^13.2.0",
    "sinon": "^6.1.5",
    "standard-version": "^4.4.0",
    "style-loader": "^0.22.1",
    "supertest": "^3.0.0",
    "url-loader": "^1.1.1",
    "webpack": "^4.17.1",
    "webpack-cli": "^3.1.0",
    "ws": "^6.0.0"
  },
  "engines": {
    "node": ">= 6.11.5"
  },
  "files": [
    "bin",
    "lib",
    "ssl",
    "client"
  ],
  "homepage": "https://github.com/webpack/webpack-dev-server#readme",
  "license": "MIT",
  "main": "lib/Server.js",
  "name": "webpack-dev-server",
  "peerDependencies": {
    "webpack": "^4.0.0"
  },
  "repository": {
    "type": "git",
    "url": "git+https://github.com/webpack/webpack-dev-server.git"
  },
  "scripts": {
    "build:index": "webpack ./client-src/default/index.js -o client/index.bundle.js --color --config client-src/default/webpack.config.js",
    "build:live": "webpack ./client-src/live/index.js -o client/live.bundle.js --color --config client-src/live/webpack.config.js",
    "build:sockjs": "webpack ./client-src/sockjs/index.js -o client/sockjs.bundle.js --color --config client-src/sockjs/webpack.config.js",
    "lint": "eslint bin lib test examples client-src",
    "prepare": "(rm ssl/*.pem || true) && npm run -s transpile:index && npm run -s build:live && npm run -s build:index && npm run -s build:sockjs",
    "release": "standard-version",
    "test": "nyc --reporter lcovonly mocha --full-trace --check-leaks --exit",
    "transpile:index": "babel client-src/default --out-dir client --ignore *.config.js",
    "webpack-dev-server": "cd $INIT_CWD && node ../../../bin/webpack-dev-server.js"
  },
  "version": "3.1.8"
}
