{
  "_from": "@babel/helper-get-function-arity@^7.8.3",
  "_id": "@babel/helper-get-function-arity@7.8.3",
  "_inBundle": false,
  "_integrity": "sha512-FVDR+Gd9iLjUMY1fzE2SR0IuaJToR4RkCDARVfsBBPSP53GEqSFjD8gNyxg246VUyc/ALRxFaAK8rVG7UT7xRA==",
  "_location": "/@babel/helper-get-function-arity",
  "_phantomChildren": {},
  "_requested": {
    "type": "range",
    "registry": true,
    "raw": "@babel/helper-get-function-arity@^7.8.3",
    "name": "@babel/helper-get-function-arity",
    "escapedName": "@babel%2fhelper-get-function-arity",
    "scope": "@babel",
    "rawSpec": "^7.8.3",
    "saveSpec": null,
    "fetchSpec": "^7.8.3"
  },
  "_requiredBy": [
    "/@babel/helper-function-name"
  ],
  "_resolved": "https://registry.npmjs.org/@babel/helper-get-function-arity/-/helper-get-function-arity-7.8.3.tgz",
  "_shasum": "b894b947bd004381ce63ea1db9f08547e920abd5",
  "_spec": "@babel/helper-get-function-arity@^7.8.3",
  "_where": "/Users/manuschn/projects/artificial-self-AMLD-2020/tsDataset/node_modules/@babel/helper-function-name",
  "bundleDependencies": false,
  "dependencies": {
    "@babel/types": "^7.8.3"
  },
  "deprecated": false,
  "description": "Helper function to get function arity",
  "gitHead": "a7620bd266ae1345975767bbc7abf09034437017",
  "license": "MIT",
  "main": "lib/index.js",
  "name": "@babel/helper-get-function-arity",
  "publishConfig": {
    "access": "public"
  },
  "repository": {
    "type": "git",
    "url": "https://github.com/babel/babel/tree/master/packages/babel-helper-get-function-arity"
  },
  "version": "7.8.3"
}
