{
  "_from": "@babel/parser@^7.4.3",
  "_id": "@babel/parser@7.8.3",
  "_inBundle": false,
  "_integrity": "sha512-/V72F4Yp/qmHaTALizEm9Gf2eQHV3QyTL3K0cNfijwnMnb1L+LDlAubb/ZnSdGAVzVSWakujHYs1I26x66sMeQ==",
  "_location": "/@babel/parser",
  "_phantomChildren": {},
  "_requested": {
    "type": "range",
    "registry": true,
    "raw": "@babel/parser@^7.4.3",
    "name": "@babel/parser",
    "escapedName": "@babel%2fparser",
    "scope": "@babel",
    "rawSpec": "^7.4.3",
    "saveSpec": null,
    "fetchSpec": "^7.4.3"
  },
  "_requiredBy": [
    "/@babel/template",
    "/@babel/traverse",
    "/istanbul-api/istanbul-lib-instrument"
  ],
  "_resolved": "https://registry.npmjs.org/@babel/parser/-/parser-7.8.3.tgz",
  "_shasum": "790874091d2001c9be6ec426c2eed47bc7679081",
  "_spec": "@babel/parser@^7.4.3",
  "_where": "/Users/manuschn/projects/artificial-self-AMLD-2020/tsDataset/node_modules/istanbul-api/node_modules/istanbul-lib-instrument",
  "author": {
    "name": "Sebastian McKenzie",
    "email": "sebmck@gmail.com"
  },
  "bin": {
    "parser": "./bin/babel-parser.js"
  },
  "bundleDependencies": false,
  "deprecated": false,
  "description": "A JavaScript parser",
  "devDependencies": {
    "@babel/code-frame": "^7.8.3",
    "@babel/helper-fixtures": "^7.8.3",
    "charcodes": "^0.2.0",
    "unicode-12.0.0": "^0.7.9"
  },
  "engines": {
    "node": ">=6.0.0"
  },
  "files": [
    "bin",
    "lib",
    "typings"
  ],
  "gitHead": "a7620bd266ae1345975767bbc7abf09034437017",
  "homepage": "https://babeljs.io/",
  "keywords": [
    "babel",
    "javascript",
    "parser",
    "tc39",
    "ecmascript",
    "@babel/parser"
  ],
  "license": "MIT",
  "main": "lib/index.js",
  "name": "@babel/parser",
  "publishConfig": {
    "access": "public"
  },
  "repository": {
    "type": "git",
    "url": "https://github.com/babel/babel/tree/master/packages/babel-parser"
  },
  "types": "typings/babel-parser.d.ts",
  "version": "7.8.3"
}
