{
  "_from": "postcss-import@12.0.0",
  "_id": "postcss-import@12.0.0",
  "_inBundle": false,
  "_integrity": "sha512-3KqKRZcaZAvxbY8DVLdd81tG5uKzbUQuiWIvy0o0fzEC42bKacqPYFWbfCQyw6L4LWUaqPz/idvIdbhpgQ32eQ==",
  "_location": "/postcss-import",
  "_phantomChildren": {},
  "_requested": {
    "type": "version",
    "registry": true,
    "raw": "postcss-import@12.0.0",
    "name": "postcss-import",
    "escapedName": "postcss-import",
    "rawSpec": "12.0.0",
    "saveSpec": null,
    "fetchSpec": "12.0.0"
  },
  "_requiredBy": [
    "/@angular-devkit/build-angular"
  ],
  "_resolved": "https://registry.npmjs.org/postcss-import/-/postcss-import-12.0.0.tgz",
  "_shasum": "149f96a4ef0b27525c419784be8517ebd17e92c5",
  "_spec": "postcss-import@12.0.0",
  "_where": "/Users/manuschn/projects/artificial-self-AMLD-2020/tsDataset/node_modules/@angular-devkit/build-angular",
  "author": {
    "name": "Maxime Thirouin"
  },
  "bugs": {
    "url": "https://github.com/postcss/postcss-import/issues"
  },
  "bundleDependencies": false,
  "dependencies": {
    "postcss": "^7.0.1",
    "postcss-value-parser": "^3.2.3",
    "read-cache": "^1.0.0",
    "resolve": "^1.1.7"
  },
  "deprecated": false,
  "description": "PostCSS plugin to import CSS files",
  "devDependencies": {
    "ava": "^0.25.0",
    "eslint": "^5.0.0",
    "eslint-config-i-am-meticulous": "^11.0.0",
    "eslint-plugin-import": "^2.2.0",
    "eslint-plugin-prettier": "^2.2.0",
    "npmpub": "^4.0.0",
    "postcss-scss": "^2.0.0",
    "prettier": "1.14.0",
    "sugarss": "^1.0.0"
  },
  "engines": {
    "node": ">=6.0.0"
  },
  "eslintConfig": {
    "extends": "eslint-config-i-am-meticulous",
    "plugins": [
      "prettier"
    ],
    "rules": {
      "prettier/prettier": [
        "error",
        {
          "semi": false,
          "trailingComma": "es5"
        }
      ]
    }
  },
  "files": [
    "index.js",
    "lib"
  ],
  "homepage": "https://github.com/postcss/postcss-import#readme",
  "keywords": [
    "css",
    "postcss",
    "postcss-plugin",
    "import",
    "node modules",
    "npm"
  ],
  "license": "MIT",
  "name": "postcss-import",
  "repository": {
    "type": "git",
    "url": "git+https://github.com/postcss/postcss-import.git"
  },
  "scripts": {
    "ci": "eslint . && ava",
    "lint": "eslint . --fix",
    "pretest": "npm run lint",
    "release": "npmpub",
    "test": "ava"
  },
  "version": "12.0.0"
}
