{
  "_from": "debug@^3.1.0",
  "_id": "debug@3.2.6",
  "_inBundle": false,
  "_integrity": "sha512-mel+jf7nrtEl5Pn1Qx46zARXKDpBbvzezse7p7LqINmdoIk8PYP5SySaxEmYv6TZ0JyEKA1hsCId6DIhgITtWQ==",
  "_location": "/streamroller/debug",
  "_phantomChildren": {},
  "_requested": {
    "type": "range",
    "registry": true,
    "raw": "debug@^3.1.0",
    "name": "debug",
    "escapedName": "debug",
    "rawSpec": "^3.1.0",
    "saveSpec": null,
    "fetchSpec": "^3.1.0"
  },
  "_requiredBy": [
    "/streamroller"
  ],
  "_resolved": "https://registry.npmjs.org/debug/-/debug-3.2.6.tgz",
  "_shasum": "e83d17de16d8a7efb7717edbe5fb10135eee629b",
  "_spec": "debug@^3.1.0",
  "_where": "/Users/manuschn/projects/artificial-self-AMLD-2020/tsDataset/node_modules/streamroller",
  "author": {
    "name": "TJ Holowaychuk",
    "email": "tj@vision-media.ca"
  },
  "browser": "./src/browser.js",
  "bugs": {
    "url": "https://github.com/visionmedia/debug/issues"
  },
  "bundleDependencies": false,
  "contributors": [
    {
      "name": "Nathan Rajlich",
      "email": "nathan@tootallnate.net",
      "url": "http://n8.io"
    },
    {
      "name": "Andrew Rhyne",
      "email": "rhyneandrew@gmail.com"
    }
  ],
  "dependencies": {
    "ms": "^2.1.1"
  },
  "deprecated": false,
  "description": "small debugging utility",
  "devDependencies": {
    "@babel/cli": "^7.0.0",
    "@babel/core": "^7.0.0",
    "@babel/preset-env": "^7.0.0",
    "browserify": "14.4.0",
    "chai": "^3.5.0",
    "concurrently": "^3.1.0",
    "coveralls": "^3.0.2",
    "istanbul": "^0.4.5",
    "karma": "^3.0.0",
    "karma-chai": "^0.1.0",
    "karma-mocha": "^1.3.0",
    "karma-phantomjs-launcher": "^1.0.2",
    "mocha": "^5.2.0",
    "mocha-lcov-reporter": "^1.2.0",
    "rimraf": "^2.5.4",
    "xo": "^0.23.0"
  },
  "files": [
    "src",
    "node.js",
    "dist/debug.js",
    "LICENSE",
    "README.md"
  ],
  "homepage": "https://github.com/visionmedia/debug#readme",
  "keywords": [
    "debug",
    "log",
    "debugger"
  ],
  "license": "MIT",
  "main": "./src/index.js",
  "name": "debug",
  "repository": {
    "type": "git",
    "url": "git://github.com/visionmedia/debug.git"
  },
  "unpkg": "./dist/debug.js",
  "version": "3.2.6"
}
