{
  "_from": "acorn-dynamic-import@^3.0.0",
  "_id": "acorn-dynamic-import@3.0.0",
  "_inBundle": false,
  "_integrity": "sha512-zVWV8Z8lislJoOKKqdNMOB+s6+XV5WERty8MnKBeFgwA+19XJjJHs2RP5dzM57FftIs+jQnRToLiWazKr6sSWg==",
  "_location": "/acorn-dynamic-import",
  "_phantomChildren": {},
  "_requested": {
    "type": "range",
    "registry": true,
    "raw": "acorn-dynamic-import@^3.0.0",
    "name": "acorn-dynamic-import",
    "escapedName": "acorn-dynamic-import",
    "rawSpec": "^3.0.0",
    "saveSpec": null,
    "fetchSpec": "^3.0.0"
  },
  "_requiredBy": [
    "/webpack"
  ],
  "_resolved": "https://registry.npmjs.org/acorn-dynamic-import/-/acorn-dynamic-import-3.0.0.tgz",
  "_shasum": "901ceee4c7faaef7e07ad2a47e890675da50a278",
  "_spec": "acorn-dynamic-import@^3.0.0",
  "_where": "/Users/manuschn/projects/artificial-self-AMLD-2020/tsDataset/node_modules/webpack",
  "author": {
    "name": "Jordan Gensler",
    "email": "jordangens@gmail.com"
  },
  "bugs": {
    "url": "https://github.com/kesne/acorn-dynamic-import/issues"
  },
  "bundleDependencies": false,
  "dependencies": {
    "acorn": "^5.0.0"
  },
  "deprecated": false,
  "description": "Support dynamic imports in acorn",
  "devDependencies": {
    "babel-cli": "^6.18.0",
    "babel-eslint": "^7.1.1",
    "babel-preset-airbnb": "^2.1.1",
    "babel-register": "^6.18.0",
    "chai": "^3.0.0",
    "eslint": "^3.10.2",
    "eslint-config-airbnb-base": "^10.0.1",
    "eslint-plugin-import": "^2.2.0",
    "in-publish": "^2.0.0",
    "mocha": "^2.2.5",
    "rimraf": "^2.5.4",
    "safe-publish-latest": "^1.1.1"
  },
  "homepage": "https://github.com/kesne/acorn-dynamic-import",
  "license": "MIT",
  "main": "lib/index.js",
  "name": "acorn-dynamic-import",
  "repository": {
    "type": "git",
    "url": "git+https://github.com/kesne/acorn-dynamic-import.git"
  },
  "scripts": {
    "build": "babel src --out-dir lib",
    "check-changelog": "expr $(git status --porcelain 2>/dev/null| grep \"^\\s*M.*CHANGELOG.md\" | wc -l) >/dev/null || (echo 'Please edit CHANGELOG.md' && exit 1)",
    "check-only-changelog-changed": "(expr $(git status --porcelain 2>/dev/null| grep -v \"CHANGELOG.md\" | wc -l) >/dev/null && echo 'Only CHANGELOG.md may have uncommitted changes' && exit 1) || exit 0",
    "lint": "eslint .",
    "postversion": "git commit package.json CHANGELOG.md -m \"v$npm_package_version\" && npm run tag && git push && git push --tags",
    "prepublish": "in-publish && safe-publish-latest && npm run build || not-in-publish",
    "preversion": "npm run test && npm run check-changelog && npm run check-only-changelog-changed",
    "tag": "git tag v$npm_package_version",
    "test": "npm run lint && npm run tests-only",
    "tests-only": "mocha",
    "version:major": "npm --no-git-tag-version version major",
    "version:minor": "npm --no-git-tag-version version minor",
    "version:patch": "npm --no-git-tag-version version patch"
  },
  "version": "3.0.0"
}
