{
  "_from": "@webassemblyjs/helper-wasm-section@1.7.6",
  "_id": "@webassemblyjs/helper-wasm-section@1.7.6",
  "_inBundle": false,
  "_integrity": "sha512-3GS628ppDPSuwcYlQ7cDCGr4W2n9c4hLzvnRKeuz+lGsJSmc/ADVoYpm1ts2vlB1tGHkjtQMni+yu8mHoMlKlA==",
  "_location": "/@webassemblyjs/helper-wasm-section",
  "_phantomChildren": {},
  "_requested": {
    "type": "version",
    "registry": true,
    "raw": "@webassemblyjs/helper-wasm-section@1.7.6",
    "name": "@webassemblyjs/helper-wasm-section",
    "escapedName": "@webassemblyjs%2fhelper-wasm-section",
    "scope": "@webassemblyjs",
    "rawSpec": "1.7.6",
    "saveSpec": null,
    "fetchSpec": "1.7.6"
  },
  "_requiredBy": [
    "/@webassemblyjs/wasm-edit"
  ],
  "_resolved": "https://registry.npmjs.org/@webassemblyjs/helper-wasm-section/-/helper-wasm-section-1.7.6.tgz",
  "_shasum": "783835867bdd686df7a95377ab64f51a275e8333",
  "_spec": "@webassemblyjs/helper-wasm-section@1.7.6",
  "_where": "/Users/manuschn/projects/artificial-self-AMLD-2020/tsDataset/node_modules/@webassemblyjs/wasm-edit",
  "author": {
    "name": "Sven Sauleau"
  },
  "bugs": {
    "url": "https://github.com/xtuc/webassemblyjs/issues"
  },
  "bundleDependencies": false,
  "dependencies": {
    "@webassemblyjs/ast": "1.7.6",
    "@webassemblyjs/helper-buffer": "1.7.6",
    "@webassemblyjs/helper-wasm-bytecode": "1.7.6",
    "@webassemblyjs/wasm-gen": "1.7.6"
  },
  "deprecated": false,
  "description": "",
  "devDependencies": {
    "@webassemblyjs/wasm-parser": "1.7.6"
  },
  "homepage": "https://github.com/xtuc/webassemblyjs#readme",
  "license": "MIT",
  "main": "lib/index.js",
  "module": "esm/index.js",
  "name": "@webassemblyjs/helper-wasm-section",
  "publishConfig": {
    "access": "public"
  },
  "repository": {
    "type": "git",
    "url": "git+https://github.com/xtuc/webassemblyjs.git"
  },
  "scripts": {
    "test": "echo \"Error: no test specified\" && exit 1"
  },
  "version": "1.7.6"
}
