{
  "_from": "@webassemblyjs/floating-point-hex-parser@1.7.6",
  "_id": "@webassemblyjs/floating-point-hex-parser@1.7.6",
  "_inBundle": false,
  "_integrity": "sha512-VBOZvaOyBSkPZdIt5VBMg3vPWxouuM13dPXGWI1cBh3oFLNcFJ8s9YA7S9l4mPI7+Q950QqOmqj06oa83hNWBA==",
  "_location": "/@webassemblyjs/floating-point-hex-parser",
  "_phantomChildren": {},
  "_requested": {
    "type": "version",
    "registry": true,
    "raw": "@webassemblyjs/floating-point-hex-parser@1.7.6",
    "name": "@webassemblyjs/floating-point-hex-parser",
    "escapedName": "@webassemblyjs%2ffloating-point-hex-parser",
    "scope": "@webassemblyjs",
    "rawSpec": "1.7.6",
    "saveSpec": null,
    "fetchSpec": "1.7.6"
  },
  "_requiredBy": [
    "/@webassemblyjs/wast-parser"
  ],
  "_resolved": "https://registry.npmjs.org/@webassemblyjs/floating-point-hex-parser/-/floating-point-hex-parser-1.7.6.tgz",
  "_shasum": "7cb37d51a05c3fe09b464ae7e711d1ab3837801f",
  "_spec": "@webassemblyjs/floating-point-hex-parser@1.7.6",
  "_where": "/Users/manuschn/projects/artificial-self-AMLD-2020/tsDataset/node_modules/@webassemblyjs/wast-parser",
  "author": {
    "name": "Mauro Bringolf"
  },
  "bugs": {
    "url": "https://github.com/xtuc/webassemblyjs/issues"
  },
  "bundleDependencies": false,
  "deprecated": false,
  "description": "A function to parse floating point hexadecimal strings as defined by the WebAssembly specification",
  "homepage": "https://github.com/xtuc/webassemblyjs#readme",
  "keywords": [
    "webassembly",
    "floating-point"
  ],
  "license": "MIT",
  "main": "lib/index.js",
  "module": "esm/index.js",
  "name": "@webassemblyjs/floating-point-hex-parser",
  "publishConfig": {
    "access": "public"
  },
  "repository": {
    "type": "git",
    "url": "git+https://github.com/xtuc/webassemblyjs.git"
  },
  "scripts": {
    "build-fuzzer": "[ -f ./test/fuzzing/parse.out ] || gcc ./test/fuzzing/parse.c -o ./test/fuzzing/parse.out -lm -Wall"
  },
  "version": "1.7.6"
}
