{
  "_from": "@webassemblyjs/wast-printer@1.7.6",
  "_id": "@webassemblyjs/wast-printer@1.7.6",
  "_inBundle": false,
  "_integrity": "sha512-vHdHSK1tOetvDcl1IV1OdDeGNe/NDDQ+KzuZHMtqTVP1xO/tZ/IKNpj5BaGk1OYFdsDWQqb31PIwdEyPntOWRQ==",
  "_location": "/@webassemblyjs/wast-printer",
  "_phantomChildren": {},
  "_requested": {
    "type": "version",
    "registry": true,
    "raw": "@webassemblyjs/wast-printer@1.7.6",
    "name": "@webassemblyjs/wast-printer",
    "escapedName": "@webassemblyjs%2fwast-printer",
    "scope": "@webassemblyjs",
    "rawSpec": "1.7.6",
    "saveSpec": null,
    "fetchSpec": "1.7.6"
  },
  "_requiredBy": [
    "/@webassemblyjs/helper-code-frame",
    "/@webassemblyjs/wasm-edit"
  ],
  "_resolved": "https://registry.npmjs.org/@webassemblyjs/wast-printer/-/wast-printer-1.7.6.tgz",
  "_shasum": "a6002c526ac5fa230fe2c6d2f1bdbf4aead43a5e",
  "_spec": "@webassemblyjs/wast-printer@1.7.6",
  "_where": "/Users/manuschn/projects/artificial-self-AMLD-2020/tsDataset/node_modules/@webassemblyjs/helper-code-frame",
  "author": {
    "name": "Sven Sauleau"
  },
  "bugs": {
    "url": "https://github.com/xtuc/webassemblyjs/issues"
  },
  "bundleDependencies": false,
  "dependencies": {
    "@webassemblyjs/ast": "1.7.6",
    "@webassemblyjs/wast-parser": "1.7.6",
    "@xtuc/long": "4.2.1"
  },
  "deprecated": false,
  "description": "WebAssembly text format printer",
  "devDependencies": {
    "@webassemblyjs/helper-test-framework": "1.7.6"
  },
  "homepage": "https://github.com/xtuc/webassemblyjs#readme",
  "keywords": [
    "webassembly",
    "javascript",
    "ast",
    "compiler",
    "printer",
    "wast"
  ],
  "license": "MIT",
  "main": "lib/index.js",
  "module": "esm/index.js",
  "name": "@webassemblyjs/wast-printer",
  "publishConfig": {
    "access": "public"
  },
  "repository": {
    "type": "git",
    "url": "git+https://github.com/xtuc/webassemblyjs.git"
  },
  "scripts": {
    "test": "mocha"
  },
  "version": "1.7.6"
}
