{
  "_from": "@webassemblyjs/helper-wasm-bytecode@1.7.6",
  "_id": "@webassemblyjs/helper-wasm-bytecode@1.7.6",
  "_inBundle": false,
  "_integrity": "sha512-PzYFCb7RjjSdAOljyvLWVqd6adAOabJW+8yRT+NWhXuf1nNZWH+igFZCUK9k7Cx7CsBbzIfXjJc7u56zZgFj9Q==",
  "_location": "/@webassemblyjs/helper-wasm-bytecode",
  "_phantomChildren": {},
  "_requested": {
    "type": "version",
    "registry": true,
    "raw": "@webassemblyjs/helper-wasm-bytecode@1.7.6",
    "name": "@webassemblyjs/helper-wasm-bytecode",
    "escapedName": "@webassemblyjs%2fhelper-wasm-bytecode",
    "scope": "@webassemblyjs",
    "rawSpec": "1.7.6",
    "saveSpec": null,
    "fetchSpec": "1.7.6"
  },
  "_requiredBy": [
    "/@webassemblyjs/ast",
    "/@webassemblyjs/helper-wasm-section",
    "/@webassemblyjs/wasm-edit",
    "/@webassemblyjs/wasm-gen",
    "/@webassemblyjs/wasm-parser"
  ],
  "_resolved": "https://registry.npmjs.org/@webassemblyjs/helper-wasm-bytecode/-/helper-wasm-bytecode-1.7.6.tgz",
  "_shasum": "98e515eaee611aa6834eb5f6a7f8f5b29fefb6f1",
  "_spec": "@webassemblyjs/helper-wasm-bytecode@1.7.6",
  "_where": "/Users/manuschn/projects/artificial-self-AMLD-2020/tsDataset/node_modules/@webassemblyjs/ast",
  "author": {
    "name": "Sven Sauleau"
  },
  "bugs": {
    "url": "https://github.com/xtuc/webassemblyjs/issues"
  },
  "bundleDependencies": false,
  "deprecated": false,
  "description": "WASM's Bytecode constants",
  "homepage": "https://github.com/xtuc/webassemblyjs#readme",
  "license": "MIT",
  "main": "lib/index.js",
  "module": "esm/index.js",
  "name": "@webassemblyjs/helper-wasm-bytecode",
  "publishConfig": {
    "access": "public"
  },
  "repository": {
    "type": "git",
    "url": "git+https://github.com/xtuc/webassemblyjs.git"
  },
  "scripts": {
    "test": "echo \"Error: no test specified\" && exit 1"
  },
  "version": "1.7.6"
}
