{
  "_from": "strip-ansi@^3.0.0",
  "_id": "strip-ansi@3.0.1",
  "_inBundle": false,
  "_integrity": "sha1-ajhfuIU9lS1f8F0Oiq+UJ43GPc8=",
  "_location": "/strip-ansi",
  "_phantomChildren": {},
  "_requested": {
    "type": "range",
    "registry": true,
    "raw": "strip-ansi@^3.0.0",
    "name": "strip-ansi",
    "escapedName": "strip-ansi",
    "rawSpec": "^3.0.0",
    "saveSpec": null,
    "fetchSpec": "^3.0.0"
  },
  "_requiredBy": [
    "/babel-code-frame/chalk",
    "/cliui",
    "/gauge",
    "/node-sass/chalk",
    "/protractor/chalk",
    "/string-width",
    "/webpack-dev-server",
    "/wrap-ansi"
  ],
  "_resolved": "https://registry.npmjs.org/strip-ansi/-/strip-ansi-3.0.1.tgz",
  "_shasum": "6a385fb8853d952d5ff05d0e8aaf94278dc63dcf",
  "_spec": "strip-ansi@^3.0.0",
  "_where": "/Users/manuschn/projects/artificial-self-AMLD-2020/tsDataset/node_modules/babel-code-frame/node_modules/chalk",
  "author": {
    "name": "Sindre Sorhus",
    "email": "sindresorhus@gmail.com",
    "url": "sindresorhus.com"
  },
  "bugs": {
    "url": "https://github.com/chalk/strip-ansi/issues"
  },
  "bundleDependencies": false,
  "dependencies": {
    "ansi-regex": "^2.0.0"
  },
  "deprecated": false,
  "description": "Strip ANSI escape codes",
  "devDependencies": {
    "ava": "*",
    "xo": "*"
  },
  "engines": {
    "node": ">=0.10.0"
  },
  "files": [
    "index.js"
  ],
  "homepage": "https://github.com/chalk/strip-ansi#readme",
  "keywords": [
    "strip",
    "trim",
    "remove",
    "ansi",
    "styles",
    "color",
    "colour",
    "colors",
    "terminal",
    "console",
    "string",
    "tty",
    "escape",
    "formatting",
    "rgb",
    "256",
    "shell",
    "xterm",
    "log",
    "logging",
    "command-line",
    "text"
  ],
  "license": "MIT",
  "maintainers": [
    {
      "name": "Sindre Sorhus",
      "email": "sindresorhus@gmail.com",
      "url": "sindresorhus.com"
    },
    {
      "name": "Joshua Boy Nicolai Appelman",
      "email": "joshua@jbna.nl",
      "url": "jbna.nl"
    },
    {
      "name": "JD Ballard",
      "email": "i.am.qix@gmail.com",
      "url": "github.com/qix-"
    }
  ],
  "name": "strip-ansi",
  "repository": {
    "type": "git",
    "url": "git+https://github.com/chalk/strip-ansi.git"
  },
  "scripts": {
    "test": "xo && ava"
  },
  "version": "3.0.1"
}
