{
  "_from": "ansi-styles@^2.2.1",
  "_id": "ansi-styles@2.2.1",
  "_inBundle": false,
  "_integrity": "sha1-tDLdM1i2NM914eRmQ2gkBTPB3b4=",
  "_location": "/node-sass/ansi-styles",
  "_phantomChildren": {},
  "_requested": {
    "type": "range",
    "registry": true,
    "raw": "ansi-styles@^2.2.1",
    "name": "ansi-styles",
    "escapedName": "ansi-styles",
    "rawSpec": "^2.2.1",
    "saveSpec": null,
    "fetchSpec": "^2.2.1"
  },
  "_requiredBy": [
    "/node-sass/chalk"
  ],
  "_resolved": "https://registry.npmjs.org/ansi-styles/-/ansi-styles-2.2.1.tgz",
  "_shasum": "b432dd3358b634cf75e1e4664368240533c1ddbe",
  "_spec": "ansi-styles@^2.2.1",
  "_where": "/Users/manuschn/projects/artificial-self-AMLD-2020/tsDataset/node_modules/node-sass/node_modules/chalk",
  "author": {
    "name": "Sindre Sorhus",
    "email": "sindresorhus@gmail.com",
    "url": "sindresorhus.com"
  },
  "bugs": {
    "url": "https://github.com/chalk/ansi-styles/issues"
  },
  "bundleDependencies": false,
  "deprecated": false,
  "description": "ANSI escape codes for styling strings in the terminal",
  "devDependencies": {
    "mocha": "*"
  },
  "engines": {
    "node": ">=0.10.0"
  },
  "files": [
    "index.js"
  ],
  "homepage": "https://github.com/chalk/ansi-styles#readme",
  "keywords": [
    "ansi",
    "styles",
    "color",
    "colour",
    "colors",
    "terminal",
    "console",
    "cli",
    "string",
    "tty",
    "escape",
    "formatting",
    "rgb",
    "256",
    "shell",
    "xterm",
    "log",
    "logging",
    "command-line",
    "text"
  ],
  "license": "MIT",
  "maintainers": [
    {
      "name": "Sindre Sorhus",
      "email": "sindresorhus@gmail.com",
      "url": "sindresorhus.com"
    },
    {
      "name": "Joshua Appelman",
      "email": "jappelman@xebia.com",
      "url": "jbnicolai.com"
    }
  ],
  "name": "ansi-styles",
  "repository": {
    "type": "git",
    "url": "git+https://github.com/chalk/ansi-styles.git"
  },
  "scripts": {
    "test": "mocha"
  },
  "version": "2.2.1"
}
