{
  "_from": "ajv@^5.1.0",
  "_id": "ajv@5.5.2",
  "_inBundle": false,
  "_integrity": "sha1-c7Xuyj+rZT49P5Qis0GtQiBdyWU=",
  "_location": "/node-sass/ajv",
  "_phantomChildren": {},
  "_requested": {
    "type": "range",
    "registry": true,
    "raw": "ajv@^5.1.0",
    "name": "ajv",
    "escapedName": "ajv",
    "rawSpec": "^5.1.0",
    "saveSpec": null,
    "fetchSpec": "^5.1.0"
  },
  "_requiredBy": [
    "/node-sass/har-validator"
  ],
  "_resolved": "https://registry.npmjs.org/ajv/-/ajv-5.5.2.tgz",
  "_shasum": "73b5eeca3fab653e3d3f9422b341ad42205dc965",
  "_spec": "ajv@^5.1.0",
  "_where": "/Users/manuschn/projects/artificial-self-AMLD-2020/tsDataset/node_modules/node-sass/node_modules/har-validator",
  "author": {
    "name": "Evgeny Poberezkin"
  },
  "bugs": {
    "url": "https://github.com/epoberezkin/ajv/issues"
  },
  "bundleDependencies": false,
  "dependencies": {
    "co": "^4.6.0",
    "fast-deep-equal": "^1.0.0",
    "fast-json-stable-stringify": "^2.0.0",
    "json-schema-traverse": "^0.3.0"
  },
  "deprecated": false,
  "description": "Another JSON Schema Validator",
  "devDependencies": {
    "ajv-async": "^0.1.0",
    "bluebird": "^3.1.5",
    "brfs": "^1.4.3",
    "browserify": "^14.1.0",
    "chai": "^4.0.1",
    "coveralls": "^3.0.0",
    "del-cli": "^1.1.0",
    "dot": "^1.0.3",
    "eslint": "^4.1.0",
    "gh-pages-generator": "^0.2.0",
    "glob": "^7.0.0",
    "if-node-version": "^1.0.0",
    "js-beautify": "^1.7.3",
    "jshint": "^2.9.4",
    "json-schema-test": "^2.0.0",
    "karma": "^1.0.0",
    "karma-chrome-launcher": "^2.0.0",
    "karma-mocha": "^1.1.1",
    "karma-phantomjs-launcher": "^1.0.0",
    "karma-sauce-launcher": "^1.1.0",
    "mocha": "^4.0.0",
    "nodent": "^3.0.17",
    "nyc": "^11.0.2",
    "phantomjs-prebuilt": "^2.1.4",
    "pre-commit": "^1.1.1",
    "regenerator": "^0.12.2",
    "require-globify": "^1.3.0",
    "typescript": "^2.6.2",
    "uglify-js": "^3.1.5",
    "watch": "^1.0.0"
  },
  "files": [
    "lib/",
    "dist/",
    "scripts/",
    "LICENSE",
    ".tonic_example.js"
  ],
  "homepage": "https://github.com/epoberezkin/ajv",
  "keywords": [
    "JSON",
    "schema",
    "validator",
    "validation",
    "jsonschema",
    "json-schema",
    "json-schema-validator",
    "json-schema-validation"
  ],
  "license": "MIT",
  "main": "lib/ajv.js",
  "name": "ajv",
  "nyc": {
    "exclude": [
      "**/spec/**",
      "node_modules"
    ],
    "reporter": [
      "lcov",
      "text-summary"
    ]
  },
  "repository": {
    "type": "git",
    "url": "git+https://github.com/epoberezkin/ajv.git"
  },
  "scripts": {
    "build": "del-cli lib/dotjs/*.js && node scripts/compile-dots.js",
    "bundle": "node ./scripts/bundle.js . Ajv pure_getters",
    "bundle-all": "del-cli dist && npm run bundle && npm run bundle-regenerator && npm run bundle-nodent",
    "bundle-beautify": "node ./scripts/bundle.js js-beautify",
    "bundle-nodent": "node ./scripts/bundle.js nodent",
    "bundle-regenerator": "node ./scripts/bundle.js regenerator",
    "eslint": "if-node-version \">=4\" eslint lib/*.js lib/compile/*.js spec/*.js scripts",
    "jshint": "jshint lib/*.js lib/**/*.js --exclude lib/dotjs/**/*",
    "prepublish": "npm run build && npm run bundle-all",
    "test": "npm run jshint && npm run eslint && npm run test-ts && npm run build && npm run test-cov && if-node-version 4 npm run test-browser",
    "test-browser": "del-cli .browser && npm run bundle-all && scripts/prepare-tests && npm run test-karma",
    "test-cov": "nyc npm run test-spec",
    "test-debug": "mocha spec/*.spec.js --debug-brk -R spec",
    "test-fast": "AJV_FAST_TEST=true npm run test-spec",
    "test-karma": "karma start --single-run --browsers PhantomJS",
    "test-spec": "mocha spec/*.spec.js -R spec $(if-node-version 7 echo --harmony-async-await)",
    "test-ts": "tsc --target ES5 --noImplicitAny lib/ajv.d.ts",
    "watch": "watch 'npm run build' ./lib/dot"
  },
  "tonicExampleFilename": ".tonic_example.js",
  "typings": "lib/ajv.d.ts",
  "version": "5.5.2"
}
