{
  "_from": "fast-deep-equal@^1.0.0",
  "_id": "fast-deep-equal@1.1.0",
  "_inBundle": false,
  "_integrity": "sha1-wFNHeBfIa1HaqFPIHgWbcz0CNhQ=",
  "_location": "/node-sass/fast-deep-equal",
  "_phantomChildren": {},
  "_requested": {
    "type": "range",
    "registry": true,
    "raw": "fast-deep-equal@^1.0.0",
    "name": "fast-deep-equal",
    "escapedName": "fast-deep-equal",
    "rawSpec": "^1.0.0",
    "saveSpec": null,
    "fetchSpec": "^1.0.0"
  },
  "_requiredBy": [
    "/node-sass/ajv"
  ],
  "_resolved": "https://registry.npmjs.org/fast-deep-equal/-/fast-deep-equal-1.1.0.tgz",
  "_shasum": "c053477817c86b51daa853c81e059b733d023614",
  "_spec": "fast-deep-equal@^1.0.0",
  "_where": "/Users/manuschn/projects/artificial-self-AMLD-2020/tsDataset/node_modules/node-sass/node_modules/ajv",
  "author": {
    "name": "Evgeny Poberezkin"
  },
  "bugs": {
    "url": "https://github.com/epoberezkin/fast-deep-equal/issues"
  },
  "bundleDependencies": false,
  "deprecated": false,
  "description": "Fast deep equal",
  "devDependencies": {
    "benchmark": "^2.1.4",
    "coveralls": "^2.13.1",
    "deep-eql": "^2.0.2",
    "deep-equal": "^1.0.1",
    "eslint": "^4.0.0",
    "lodash": "^4.17.4",
    "mocha": "^3.4.2",
    "nano-equal": "^1.0.1",
    "nyc": "^11.0.2",
    "pre-commit": "^1.2.2",
    "shallow-equal-fuzzy": "0.0.2",
    "typescript": "^2.6.1",
    "underscore": "^1.8.3"
  },
  "files": [
    "index.js",
    "index.d.ts"
  ],
  "homepage": "https://github.com/epoberezkin/fast-deep-equal#readme",
  "keywords": [
    "fast",
    "equal",
    "deep-equal"
  ],
  "license": "MIT",
  "main": "index.js",
  "name": "fast-deep-equal",
  "nyc": {
    "exclude": [
      "**/spec/**",
      "node_modules"
    ],
    "reporter": [
      "lcov",
      "text-summary"
    ]
  },
  "repository": {
    "type": "git",
    "url": "git+https://github.com/epoberezkin/fast-deep-equal.git"
  },
  "scripts": {
    "eslint": "eslint *.js benchmark spec",
    "test": "npm run eslint && npm run test-ts && npm run test-cov",
    "test-cov": "nyc npm run test-spec",
    "test-spec": "mocha spec/*.spec.js -R spec",
    "test-ts": "tsc --target ES5 --noImplicitAny index.d.ts"
  },
  "types": "index.d.ts",
  "version": "1.1.0"
}
