{
  "_from": "mime@^1.4.1",
  "_id": "mime@1.6.0",
  "_inBundle": false,
  "_integrity": "sha512-x0Vn8spI+wuJ1O6S7gnbaQg8Pxh4NNHb7KSINmEWKiPE4RKOplvijn+NkmYmmRgP68mc70j2EbeTFRsrswaQeg==",
  "_location": "/mime",
  "_phantomChildren": {},
  "_requested": {
    "type": "range",
    "registry": true,
    "raw": "mime@^1.4.1",
    "name": "mime",
    "escapedName": "mime",
    "rawSpec": "^1.4.1",
    "saveSpec": null,
    "fetchSpec": "^1.4.1"
  },
  "_requiredBy": [
    "/less",
    "/send"
  ],
  "_resolved": "https://registry.npmjs.org/mime/-/mime-1.6.0.tgz",
  "_shasum": "32cd9e5c64553bd58d19a568af452acff04981b1",
  "_spec": "mime@^1.4.1",
  "_where": "/Users/manuschn/projects/artificial-self-AMLD-2020/tsDataset/node_modules/less",
  "author": {
    "name": "Robert Kieffer",
    "email": "robert@broofa.com",
    "url": "http://github.com/broofa"
  },
  "bin": {
    "mime": "cli.js"
  },
  "bugs": {
    "url": "https://github.com/broofa/node-mime/issues"
  },
  "bundleDependencies": false,
  "contributors": [
    {
      "name": "Benjamin Thomas",
      "email": "benjamin@benjaminthomas.org",
      "url": "http://github.com/bentomas"
    }
  ],
  "dependencies": {},
  "deprecated": false,
  "description": "A comprehensive library for mime-type mapping",
  "devDependencies": {
    "github-release-notes": "0.13.1",
    "mime-db": "1.31.0",
    "mime-score": "1.1.0"
  },
  "engines": {
    "node": ">=4"
  },
  "homepage": "https://github.com/broofa/node-mime#readme",
  "keywords": [
    "util",
    "mime"
  ],
  "license": "MIT",
  "main": "mime.js",
  "name": "mime",
  "repository": {
    "url": "git+https://github.com/broofa/node-mime.git",
    "type": "git"
  },
  "scripts": {
    "changelog": "gren changelog --tags=all --generate --override",
    "prepare": "node src/build.js",
    "test": "node src/test.js"
  },
  "version": "1.6.0"
}
