{
  "_from": "request@^2.83.0",
  "_id": "request@2.88.0",
  "_inBundle": false,
  "_integrity": "sha512-NAqBSrijGLZdM0WZNsInLJpkJokL72XYjUpnB0iwsRgxh7dB6COrHnTBNwN0E+lHDAJzu7kLAkDeY08z2/A0hg==",
  "_location": "/request",
  "_phantomChildren": {},
  "_requested": {
    "type": "range",
    "registry": true,
    "raw": "request@^2.83.0",
    "name": "request",
    "escapedName": "request",
    "rawSpec": "^2.83.0",
    "saveSpec": null,
    "fetchSpec": "^2.83.0"
  },
  "_requiredBy": [
    "/less",
    "/node-gyp",
    "/npm-registry-client",
    "/protractor/webdriver-manager"
  ],
  "_resolved": "https://registry.npmjs.org/request/-/request-2.88.0.tgz",
  "_shasum": "9c2fca4f7d35b592efe57c7f0a55e81052124fef",
  "_spec": "request@^2.83.0",
  "_where": "/Users/manuschn/projects/artificial-self-AMLD-2020/tsDataset/node_modules/less",
  "author": {
    "name": "Mikeal Rogers",
    "email": "mikeal.rogers@gmail.com"
  },
  "bugs": {
    "url": "http://github.com/request/request/issues"
  },
  "bundleDependencies": false,
  "dependencies": {
    "aws-sign2": "~0.7.0",
    "aws4": "^1.8.0",
    "caseless": "~0.12.0",
    "combined-stream": "~1.0.6",
    "extend": "~3.0.2",
    "forever-agent": "~0.6.1",
    "form-data": "~2.3.2",
    "har-validator": "~5.1.0",
    "http-signature": "~1.2.0",
    "is-typedarray": "~1.0.0",
    "isstream": "~0.1.2",
    "json-stringify-safe": "~5.0.1",
    "mime-types": "~2.1.19",
    "oauth-sign": "~0.9.0",
    "performance-now": "^2.1.0",
    "qs": "~6.5.2",
    "safe-buffer": "^5.1.2",
    "tough-cookie": "~2.4.3",
    "tunnel-agent": "^0.6.0",
    "uuid": "^3.3.2"
  },
  "deprecated": false,
  "description": "Simplified HTTP request client.",
  "devDependencies": {
    "bluebird": "^3.2.1",
    "browserify": "^13.0.1",
    "browserify-istanbul": "^2.0.0",
    "buffer-equal": "^1.0.0",
    "codecov": "^3.0.4",
    "coveralls": "^3.0.2",
    "function-bind": "^1.0.2",
    "istanbul": "^0.4.0",
    "karma": "^3.0.0",
    "karma-browserify": "^5.0.1",
    "karma-cli": "^1.0.0",
    "karma-coverage": "^1.0.0",
    "karma-phantomjs-launcher": "^1.0.0",
    "karma-tap": "^3.0.1",
    "phantomjs-prebuilt": "^2.1.3",
    "rimraf": "^2.2.8",
    "server-destroy": "^1.0.1",
    "standard": "^9.0.0",
    "tape": "^4.6.0",
    "taper": "^0.5.0"
  },
  "engines": {
    "node": ">= 4"
  },
  "files": [
    "lib/",
    "index.js",
    "request.js"
  ],
  "greenkeeper": {
    "ignore": [
      "hawk",
      "har-validator"
    ]
  },
  "homepage": "https://github.com/request/request#readme",
  "keywords": [
    "http",
    "simple",
    "util",
    "utility"
  ],
  "license": "Apache-2.0",
  "main": "index.js",
  "name": "request",
  "repository": {
    "type": "git",
    "url": "git+https://github.com/request/request.git"
  },
  "scripts": {
    "lint": "standard",
    "test": "npm run lint && npm run test-ci && npm run test-browser",
    "test-browser": "node tests/browser/start.js",
    "test-ci": "taper tests/test-*.js",
    "test-cov": "istanbul cover tape tests/test-*.js"
  },
  "version": "2.88.0"
}
