{
  "_from": "rxjs@~6.3.3",
  "_id": "rxjs@6.3.3",
  "_inBundle": false,
  "_integrity": "sha512-JTWmoY9tWCs7zvIk/CvRjhjGaOd+OVBM987mxFo+OW66cGpdKjZcpmc74ES1sB//7Kl/PAe8+wEakuhG4pcgOw==",
  "_location": "/rxjs",
  "_phantomChildren": {},
  "_requested": {
    "type": "range",
    "registry": true,
    "raw": "rxjs@~6.3.3",
    "name": "rxjs",
    "escapedName": "rxjs",
    "rawSpec": "~6.3.3",
    "saveSpec": null,
    "fetchSpec": "~6.3.3"
  },
  "_requiredBy": [
    "/",
    "/@angular-devkit/architect",
    "/@angular-devkit/build-angular",
    "/@angular-devkit/build-webpack",
    "/@angular-devkit/core",
    "/@angular-devkit/schematics",
    "/@angular/cli",
    "/@ngtools/webpack",
    "/@schematics/update",
    "/inquirer"
  ],
  "_resolved": "https://registry.npmjs.org/rxjs/-/rxjs-6.3.3.tgz",
  "_shasum": "3c6a7fa420e844a81390fb1158a9ec614f4bad55",
  "_spec": "rxjs@~6.3.3",
  "_where": "/Users/manuschn/projects/artificial-self-AMLD-2020/tsDataset",
  "author": {
    "name": "Ben Lesh",
    "email": "ben@benlesh.com"
  },
  "bugs": {
    "url": "https://github.com/ReactiveX/RxJS/issues"
  },
  "bundleDependencies": false,
  "config": {
    "commitizen": {
      "path": "cz-conventional-changelog"
    }
  },
  "contributors": [
    {
      "name": "Ben Lesh",
      "email": "ben@benlesh.com"
    },
    {
      "name": "Paul Taylor",
      "email": "paul.e.taylor@me.com"
    },
    {
      "name": "Jeff Cross",
      "email": "crossj@google.com"
    },
    {
      "name": "Matthew Podwysocki",
      "email": "matthewp@microsoft.com"
    },
    {
      "name": "OJ Kwon",
      "email": "kwon.ohjoong@gmail.com"
    },
    {
      "name": "Andre Staltz",
      "email": "andre@staltz.com"
    }
  ],
  "dependencies": {
    "tslib": "^1.9.0"
  },
  "deprecated": false,
  "description": "Reactive Extensions for modern JavaScript",
  "devDependencies": {
    "@angular-devkit/build-optimizer": "0.4.6",
    "@angular-devkit/schematics": "^0.5.4",
    "@types/chai": "4.1.2",
    "@types/lodash": "4.14.102",
    "@types/mocha": "2.2.48",
    "@types/node": "9.4.5",
    "@types/sinon": "4.1.3",
    "@types/sinon-chai": "2.7.29",
    "@types/source-map": "^0.5.2",
    "babel-polyfill": "6.26.0",
    "benchmark": "2.1.0",
    "benchpress": "2.0.0-beta.1",
    "chai": "4.1.2",
    "color": "3.0.0",
    "colors": "1.1.2",
    "commitizen": "2.9.6",
    "coveralls": "3.0.0",
    "cross-env": "5.1.3",
    "cz-conventional-changelog": "1.2.0",
    "danger": "1.1.0",
    "dependency-cruiser": "2.13.0",
    "doctoc": "1.3.0",
    "escape-string-regexp": "1.0.5",
    "esdoc": "0.4.7",
    "eslint": "4.17.0",
    "fs-extra": "5.0.0",
    "get-folder-size": "1.0.1",
    "glob": "7.1.2",
    "gm": "1.23.1",
    "google-closure-compiler-js": "20170218.0.0",
    "gzip-size": "4.1.0",
    "http-server": "0.11.1",
    "husky": "0.14.3",
    "klaw-sync": "3.0.2",
    "lint-staged": "7.1.1",
    "lodash": "4.17.5",
    "markdown-doctest": "0.9.1",
    "minimist": "1.2.0",
    "mkdirp": "0.5.1",
    "mocha": "5.0.0",
    "mocha-in-sauce": "0.0.1",
    "npm-run-all": "4.1.2",
    "nyc": "11.4.1",
    "opn-cli": "3.1.0",
    "platform": "1.3.5",
    "promise": "8.0.1",
    "protractor": "3.1.1",
    "rollup": "0.36.3",
    "rollup-plugin-alias": "1.4.0",
    "rollup-plugin-inject": "2.0.0",
    "rollup-plugin-node-resolve": "2.0.0",
    "rx": "latest",
    "rxjs": "^5.5.7",
    "shx": "0.2.2",
    "sinon": "4.3.0",
    "sinon-chai": "2.14.0",
    "source-map-support": "0.5.3",
    "symbol-observable": "1.0.1",
    "systemjs": "^0.21.0",
    "ts-node": "6.1.0",
    "tsconfig-paths": "3.2.0",
    "tslint": "5.9.1",
    "tslint-no-unused-expression-chai": "0.0.3",
    "typescript": "^3.0.1",
    "validate-commit-msg": "2.14.0",
    "webpack": "1.13.1",
    "xmlhttprequest": "1.8.0"
  },
  "engines": {
    "npm": ">=2.0.0"
  },
  "es2015": "./_esm2015/index.js",
  "homepage": "https://github.com/ReactiveX/RxJS",
  "keywords": [
    "Rx",
    "RxJS",
    "ReactiveX",
    "ReactiveExtensions",
    "Streams",
    "Observables",
    "Observable",
    "Stream",
    "ES6",
    "ES2015"
  ],
  "license": "Apache-2.0",
  "lint-staged": {
    "*.@(js)": [
      "eslint --fix",
      "git add"
    ],
    "*.@(ts)": [
      "tslint --fix",
      "git add"
    ]
  },
  "main": "./index.js",
  "module": "./_esm5/index.js",
  "name": "rxjs",
  "ng-update": {
    "migrations": "./migrations/collection.json"
  },
  "nyc": {
    "include": [
      "src/*.ts",
      "src/**/*.ts"
    ],
    "exclude": [
      "node_modules",
      "dist",
      "*.d.ts",
      "src/**/MiscJSDoc.ts"
    ],
    "extension": [
      ".ts"
    ],
    "reporter": [
      "html"
    ],
    "all": true
  },
  "repository": {
    "type": "git",
    "url": "git+https://github.com/reactivex/rxjs.git"
  },
  "sideEffects": false,
  "typings": "./index.d.ts",
  "version": "6.3.3"
}
