{
  "_from": "semver@^5.6.0",
  "_id": "semver@5.7.1",
  "_inBundle": false,
  "_integrity": "sha512-sauaDf/PZdVgrLTNYHRtpXa1iRiKcaebiKQ1BJdpQlWH2lCvexQdX55snPFyK7QzpudqbCI0qXFfOasHdyNDGQ==",
  "_location": "/istanbul-api/make-dir/semver",
  "_phantomChildren": {},
  "_requested": {
    "type": "range",
    "registry": true,
    "raw": "semver@^5.6.0",
    "name": "semver",
    "escapedName": "semver",
    "rawSpec": "^5.6.0",
    "saveSpec": null,
    "fetchSpec": "^5.6.0"
  },
  "_requiredBy": [
    "/istanbul-api/make-dir"
  ],
  "_resolved": "https://registry.npmjs.org/semver/-/semver-5.7.1.tgz",
  "_shasum": "a954f931aeba508d307bbf069eff0c01c96116f7",
  "_spec": "semver@^5.6.0",
  "_where": "/Users/manuschn/projects/artificial-self-AMLD-2020/tsDataset/node_modules/istanbul-api/node_modules/make-dir",
  "bin": {
    "semver": "./bin/semver"
  },
  "bugs": {
    "url": "https://github.com/npm/node-semver/issues"
  },
  "bundleDependencies": false,
  "deprecated": false,
  "description": "The semantic version parser used by npm.",
  "devDependencies": {
    "tap": "^13.0.0-rc.18"
  },
  "files": [
    "bin",
    "range.bnf",
    "semver.js"
  ],
  "homepage": "https://github.com/npm/node-semver#readme",
  "license": "ISC",
  "main": "semver.js",
  "name": "semver",
  "repository": {
    "type": "git",
    "url": "git+https://github.com/npm/node-semver.git"
  },
  "scripts": {
    "postpublish": "git push origin --all; git push origin --tags",
    "postversion": "npm publish",
    "preversion": "npm test",
    "test": "tap"
  },
  "tap": {
    "check-coverage": true
  },
  "version": "5.7.1"
}
