{
  "_from": "is-glob@^2.0.0",
  "_id": "is-glob@2.0.1",
  "_inBundle": false,
  "_integrity": "sha1-0Jb5JqPe1WAPP9/ZEZjLCIjC2GM=",
  "_location": "/glob-base/is-glob",
  "_phantomChildren": {},
  "_requested": {
    "type": "range",
    "registry": true,
    "raw": "is-glob@^2.0.0",
    "name": "is-glob",
    "escapedName": "is-glob",
    "rawSpec": "^2.0.0",
    "saveSpec": null,
    "fetchSpec": "^2.0.0"
  },
  "_requiredBy": [
    "/glob-base",
    "/glob-base/glob-parent"
  ],
  "_resolved": "https://registry.npmjs.org/is-glob/-/is-glob-2.0.1.tgz",
  "_shasum": "d096f926a3ded5600f3fdfd91198cb0888c2d863",
  "_spec": "is-glob@^2.0.0",
  "_where": "/Users/manuschn/projects/artificial-self-AMLD-2020/tsDataset/node_modules/glob-base",
  "author": {
    "name": "Jon Schlinkert",
    "url": "https://github.com/jonschlinkert"
  },
  "bugs": {
    "url": "https://github.com/jonschlinkert/is-glob/issues"
  },
  "bundleDependencies": false,
  "dependencies": {
    "is-extglob": "^1.0.0"
  },
  "deprecated": false,
  "description": "Returns `true` if the given string looks like a glob pattern or an extglob pattern. This makes it easy to create code that only uses external modules like node-glob when necessary, resulting in much faster code execution and initialization time, and a better user experience.",
  "devDependencies": {
    "mocha": "*"
  },
  "engines": {
    "node": ">=0.10.0"
  },
  "files": [
    "index.js"
  ],
  "homepage": "https://github.com/jonschlinkert/is-glob",
  "keywords": [
    "bash",
    "braces",
    "check",
    "exec",
    "extglob",
    "expression",
    "glob",
    "globbing",
    "globstar",
    "match",
    "matches",
    "pattern",
    "regex",
    "regular",
    "string",
    "test"
  ],
  "license": "MIT",
  "main": "index.js",
  "name": "is-glob",
  "repository": {
    "type": "git",
    "url": "git+https://github.com/jonschlinkert/is-glob.git"
  },
  "scripts": {
    "test": "mocha"
  },
  "verb": {
    "related": {
      "list": [
        "has-glob",
        "is-extglob",
        "is-posix-bracket",
        "is-valid-glob",
        "micromatch"
      ]
    }
  },
  "version": "2.0.1"
}
