{
  "_from": "istanbul-reports@^2.2.4",
  "_id": "istanbul-reports@2.2.7",
  "_inBundle": false,
  "_integrity": "sha512-uu1F/L1o5Y6LzPVSVZXNOoD/KXpJue9aeLRd0sM9uMXfZvzomB0WxVamWb5ue8kA2vVWEmW7EG+A5n3f1kqHKg==",
  "_location": "/istanbul-reports",
  "_phantomChildren": {},
  "_requested": {
    "type": "range",
    "registry": true,
    "raw": "istanbul-reports@^2.2.4",
    "name": "istanbul-reports",
    "escapedName": "istanbul-reports",
    "rawSpec": "^2.2.4",
    "saveSpec": null,
    "fetchSpec": "^2.2.4"
  },
  "_requiredBy": [
    "/istanbul-api"
  ],
  "_resolved": "https://registry.npmjs.org/istanbul-reports/-/istanbul-reports-2.2.7.tgz",
  "_shasum": "5d939f6237d7b48393cc0959eab40cd4fd056931",
  "_spec": "istanbul-reports@^2.2.4",
  "_where": "/Users/manuschn/projects/artificial-self-AMLD-2020/tsDataset/node_modules/istanbul-api",
  "author": {
    "name": "Krishnan Anantheswaran",
    "email": "kananthmail-github@yahoo.com"
  },
  "bugs": {
    "url": "https://github.com/istanbuljs/istanbuljs/issues"
  },
  "bundleDependencies": false,
  "dependencies": {
    "html-escaper": "^2.0.0"
  },
  "deprecated": false,
  "description": "istanbul reports",
  "devDependencies": {
    "istanbul-lib-coverage": "^2.0.5",
    "istanbul-lib-report": "^2.0.8"
  },
  "engines": {
    "node": ">=6"
  },
  "files": [
    "index.js",
    "lib"
  ],
  "homepage": "https://istanbul.js.org/",
  "keywords": [
    "istanbul",
    "reports"
  ],
  "license": "BSD-3-Clause",
  "main": "index.js",
  "name": "istanbul-reports",
  "repository": {
    "type": "git",
    "url": "git+ssh://git@github.com/istanbuljs/istanbuljs.git"
  },
  "scripts": {
    "test": "mocha --recursive"
  },
  "version": "2.2.7"
}
