{
  "_from": "ssri@^5.2.4",
  "_id": "ssri@5.3.0",
  "_inBundle": false,
  "_integrity": "sha512-XRSIPqLij52MtgoQavH/x/dU1qVKtWUAAZeOHsR9c2Ddi4XerFy3mc1alf+dLJKl9EUIm/Ht+EowFkTUOA6GAQ==",
  "_location": "/ssri",
  "_phantomChildren": {},
  "_requested": {
    "type": "range",
    "registry": true,
    "raw": "ssri@^5.2.4",
    "name": "ssri",
    "escapedName": "ssri",
    "rawSpec": "^5.2.4",
    "saveSpec": null,
    "fetchSpec": "^5.2.4"
  },
  "_requiredBy": [
    "/cacache",
    "/npm-registry-client"
  ],
  "_resolved": "https://registry.npmjs.org/ssri/-/ssri-5.3.0.tgz",
  "_shasum": "ba3872c9c6d33a0704a7d71ff045e5ec48999d06",
  "_spec": "ssri@^5.2.4",
  "_where": "/Users/manuschn/projects/artificial-self-AMLD-2020/tsDataset/node_modules/cacache",
  "author": {
    "name": "Kat Marchán",
    "email": "kzm@sykosomatic.org"
  },
  "bugs": {
    "url": "https://github.com/zkat/ssri/issues"
  },
  "bundleDependencies": false,
  "config": {
    "nyc": {
      "exclude": [
        "node_modules/**",
        "test/**"
      ]
    }
  },
  "dependencies": {
    "safe-buffer": "^5.1.1"
  },
  "deprecated": false,
  "description": "Standard Subresource Integrity library --  parses, serializes, generates, and verifies integrity metadata according to the SRI spec.",
  "devDependencies": {
    "nyc": "^11.4.1",
    "standard": "^10.0.3",
    "standard-version": "^4.3.0",
    "tap": "^11.1.0",
    "weallbehave": "^1.2.0",
    "weallcontribute": "^1.0.8"
  },
  "files": [
    "*.js"
  ],
  "homepage": "https://github.com/zkat/ssri#readme",
  "keywords": [
    "w3c",
    "web",
    "security",
    "integrity",
    "checksum",
    "hashing",
    "subresource integrity",
    "sri",
    "sri hash",
    "sri string",
    "sri generator",
    "html"
  ],
  "license": "ISC",
  "main": "index.js",
  "name": "ssri",
  "repository": {
    "type": "git",
    "url": "git+https://github.com/zkat/ssri.git"
  },
  "scripts": {
    "postrelease": "npm publish && git push --follow-tags",
    "prerelease": "npm t",
    "pretest": "standard",
    "release": "standard-version -s",
    "test": "tap -J --coverage test/*.js",
    "update-coc": "weallbehave -o . && git add CODE_OF_CONDUCT.md && git commit -m 'docs(coc): updated CODE_OF_CONDUCT.md'",
    "update-contrib": "weallcontribute -o . && git add CONTRIBUTING.md && git commit -m 'docs(contributing): updated CONTRIBUTING.md'"
  },
  "version": "5.3.0"
}
