{
  "_from": "events@^3.0.0",
  "_id": "events@3.1.0",
  "_inBundle": false,
  "_integrity": "sha512-Rv+u8MLHNOdMjTAFeT3nCjHn2aGlx435FP/sDHNaRhDEMwyI/aB22Kj2qIN8R0cw3z28psEQLYwxVKLsKrMgWg==",
  "_location": "/events",
  "_phantomChildren": {},
  "_requested": {
    "type": "range",
    "registry": true,
    "raw": "events@^3.0.0",
    "name": "events",
    "escapedName": "events",
    "rawSpec": "^3.0.0",
    "saveSpec": null,
    "fetchSpec": "^3.0.0"
  },
  "_requiredBy": [
    "/node-libs-browser"
  ],
  "_resolved": "https://registry.npmjs.org/events/-/events-3.1.0.tgz",
  "_shasum": "84279af1b34cb75aa88bf5ff291f6d0bd9b31a59",
  "_spec": "events@^3.0.0",
  "_where": "/Users/manuschn/projects/artificial-self-AMLD-2020/tsDataset/node_modules/node-libs-browser",
  "author": {
    "name": "Irakli Gozalishvili",
    "email": "rfobic@gmail.com",
    "url": "http://jeditoolkit.com"
  },
  "bugs": {
    "url": "http://github.com/Gozala/events/issues/"
  },
  "bundleDependencies": false,
  "deprecated": false,
  "description": "Node's event emitter for all engines.",
  "devDependencies": {
    "airtap": "^1.0.0",
    "isarray": "^2.0.2",
    "tape": "^4.8.0"
  },
  "engines": {
    "node": ">=0.8.x"
  },
  "homepage": "https://github.com/Gozala/events#readme",
  "id": "events",
  "keywords": [
    "events",
    "eventEmitter",
    "eventDispatcher",
    "listeners"
  ],
  "license": "MIT",
  "main": "./events.js",
  "name": "events",
  "repository": {
    "type": "git",
    "url": "git://github.com/Gozala/events.git",
    "web": "https://github.com/Gozala/events"
  },
  "scripts": {
    "test": "node tests/index.js",
    "test:browsers": "airtap -- tests/index.js"
  },
  "version": "3.1.0"
}
