{
  "_from": "babel-runtime@^6.26.0",
  "_id": "babel-runtime@6.26.0",
  "_inBundle": false,
  "_integrity": "sha1-llxwWGaOgrVde/4E/yM3vItWR/4=",
  "_location": "/babel-runtime",
  "_phantomChildren": {},
  "_requested": {
    "type": "range",
    "registry": true,
    "raw": "babel-runtime@^6.26.0",
    "name": "babel-runtime",
    "escapedName": "babel-runtime",
    "rawSpec": "^6.26.0",
    "saveSpec": null,
    "fetchSpec": "^6.26.0"
  },
  "_requiredBy": [
    "/babel-generator",
    "/babel-messages",
    "/babel-template",
    "/babel-traverse",
    "/babel-types"
  ],
  "_resolved": "https://registry.npmjs.org/babel-runtime/-/babel-runtime-6.26.0.tgz",
  "_shasum": "965c7058668e82b55d7bfe04ff2337bc8b5647fe",
  "_spec": "babel-runtime@^6.26.0",
  "_where": "/Users/manuschn/projects/artificial-self-AMLD-2020/tsDataset/node_modules/babel-generator",
  "author": {
    "name": "Sebastian McKenzie",
    "email": "sebmck@gmail.com"
  },
  "bundleDependencies": false,
  "dependencies": {
    "core-js": "^2.4.0",
    "regenerator-runtime": "^0.11.0"
  },
  "deprecated": false,
  "description": "babel selfContained runtime",
  "devDependencies": {
    "babel-helpers": "^6.22.0",
    "babel-plugin-transform-runtime": "^6.23.0"
  },
  "license": "MIT",
  "name": "babel-runtime",
  "repository": {
    "type": "git",
    "url": "https://github.com/babel/babel/tree/master/packages/babel-runtime"
  },
  "version": "6.26.0"
}
