{
  "_from": "source-map-support@~0.5.10",
  "_id": "source-map-support@0.5.16",
  "_inBundle": false,
  "_integrity": "sha512-efyLRJDr68D9hBBNIPWFjhpFzURh+KJykQwvMyW5UiZzYwoF6l4YMMDIJJEyFWxWCqfyxLzz6tSfUFR+kXXsVQ==",
  "_location": "/terser/source-map-support",
  "_phantomChildren": {},
  "_requested": {
    "type": "range",
    "registry": true,
    "raw": "source-map-support@~0.5.10",
    "name": "source-map-support",
    "escapedName": "source-map-support",
    "rawSpec": "~0.5.10",
    "saveSpec": null,
    "fetchSpec": "~0.5.10"
  },
  "_requiredBy": [
    "/terser"
  ],
  "_resolved": "https://registry.npmjs.org/source-map-support/-/source-map-support-0.5.16.tgz",
  "_shasum": "0ae069e7fe3ba7538c64c98515e35339eac5a042",
  "_spec": "source-map-support@~0.5.10",
  "_where": "/Users/manuschn/projects/artificial-self-AMLD-2020/tsDataset/node_modules/terser",
  "bugs": {
    "url": "https://github.com/evanw/node-source-map-support/issues"
  },
  "bundleDependencies": false,
  "dependencies": {
    "buffer-from": "^1.0.0",
    "source-map": "^0.6.0"
  },
  "deprecated": false,
  "description": "Fixes stack traces for files with source maps",
  "devDependencies": {
    "browserify": "^4.2.3",
    "coffeescript": "^1.12.7",
    "http-server": "^0.11.1",
    "mocha": "^3.5.3",
    "webpack": "^1.15.0"
  },
  "homepage": "https://github.com/evanw/node-source-map-support#readme",
  "license": "MIT",
  "main": "./source-map-support.js",
  "name": "source-map-support",
  "repository": {
    "type": "git",
    "url": "git+https://github.com/evanw/node-source-map-support.git"
  },
  "scripts": {
    "build": "node build.js",
    "prepublish": "npm run build",
    "serve-tests": "http-server -p 1336",
    "test": "mocha"
  },
  "version": "0.5.16"
}
