{
  "_from": "isarray@1.0.0",
  "_id": "isarray@1.0.0",
  "_inBundle": false,
  "_integrity": "sha1-u5NdSFgsuhaMBoNJV6VKPgcSTxE=",
  "_location": "/isarray",
  "_phantomChildren": {},
  "_requested": {
    "type": "version",
    "registry": true,
    "raw": "isarray@1.0.0",
    "name": "isarray",
    "escapedName": "isarray",
    "rawSpec": "1.0.0",
    "saveSpec": null,
    "fetchSpec": "1.0.0"
  },
  "_requiredBy": [
    "/buffer",
    "/expand-range/isobject",
    "/readable-stream",
    "/unset-value/has-value/isobject"
  ],
  "_resolved": "https://registry.npmjs.org/isarray/-/isarray-1.0.0.tgz",
  "_shasum": "bb935d48582cba168c06834957a54a3e07124f11",
  "_spec": "isarray@1.0.0",
  "_where": "/Users/manuschn/projects/artificial-self-AMLD-2020/tsDataset/node_modules/unset-value/node_modules/has-value/node_modules/isobject",
  "author": {
    "name": "Julian Gruber",
    "email": "mail@juliangruber.com",
    "url": "http://juliangruber.com"
  },
  "bugs": {
    "url": "https://github.com/juliangruber/isarray/issues"
  },
  "bundleDependencies": false,
  "dependencies": {},
  "deprecated": false,
  "description": "Array#isArray for older browsers",
  "devDependencies": {
    "tape": "~2.13.4"
  },
  "homepage": "https://github.com/juliangruber/isarray",
  "keywords": [
    "browser",
    "isarray",
    "array"
  ],
  "license": "MIT",
  "main": "index.js",
  "name": "isarray",
  "repository": {
    "type": "git",
    "url": "git://github.com/juliangruber/isarray.git"
  },
  "scripts": {
    "test": "tape test.js"
  },
  "testling": {
    "files": "test.js",
    "browsers": [
      "ie/8..latest",
      "firefox/17..latest",
      "firefox/nightly",
      "chrome/22..latest",
      "chrome/canary",
      "opera/12..latest",
      "opera/next",
      "safari/5.1..latest",
      "ipad/6.0..latest",
      "iphone/6.0..latest",
      "android-browser/4.2..latest"
    ]
  },
  "version": "1.0.0"
}
