{
  "_from": "isstream@~0.1.2",
  "_id": "isstream@0.1.2",
  "_inBundle": false,
  "_integrity": "sha1-R+Y/evVa+m+S4VAOaQ64uFKcCZo=",
  "_location": "/isstream",
  "_phantomChildren": {},
  "_requested": {
    "type": "range",
    "registry": true,
    "raw": "isstream@~0.1.2",
    "name": "isstream",
    "escapedName": "isstream",
    "rawSpec": "~0.1.2",
    "saveSpec": null,
    "fetchSpec": "~0.1.2"
  },
  "_requiredBy": [
    "/node-sass/request",
    "/request"
  ],
  "_resolved": "https://registry.npmjs.org/isstream/-/isstream-0.1.2.tgz",
  "_shasum": "47e63f7af55afa6f92e1500e690eb8b8529c099a",
  "_spec": "isstream@~0.1.2",
  "_where": "/Users/manuschn/projects/artificial-self-AMLD-2020/tsDataset/node_modules/request",
  "author": {
    "name": "Rod Vagg",
    "email": "rod@vagg.org"
  },
  "bugs": {
    "url": "https://github.com/rvagg/isstream/issues"
  },
  "bundleDependencies": false,
  "deprecated": false,
  "description": "Determine if an object is a Stream",
  "devDependencies": {
    "core-util-is": "~1.0.0",
    "inherits": "~2.0.1",
    "isarray": "0.0.1",
    "string_decoder": "~0.10.x",
    "tape": "~2.12.3"
  },
  "homepage": "https://github.com/rvagg/isstream",
  "keywords": [
    "stream",
    "type",
    "streams",
    "readable-stream",
    "hippo"
  ],
  "license": "MIT",
  "main": "isstream.js",
  "name": "isstream",
  "repository": {
    "type": "git",
    "url": "git+https://github.com/rvagg/isstream.git"
  },
  "scripts": {
    "test": "tar --xform 's/^package/readable-stream-1.0/' -zxf readable-stream-1.0.*.tgz && tar --xform 's/^package/readable-stream-1.1/' -zxf readable-stream-1.1.*.tgz && node test.js; rm -rf readable-stream-1.?/"
  },
  "version": "0.1.2"
}
