{
  "_from": "globby@^5.0.0",
  "_id": "globby@5.0.0",
  "_inBundle": false,
  "_integrity": "sha1-69hGZ8oNuzMLmbz8aOrCvFQ3Dg0=",
  "_location": "/protractor/globby",
  "_phantomChildren": {},
  "_requested": {
    "type": "range",
    "registry": true,
    "raw": "globby@^5.0.0",
    "name": "globby",
    "escapedName": "globby",
    "rawSpec": "^5.0.0",
    "saveSpec": null,
    "fetchSpec": "^5.0.0"
  },
  "_requiredBy": [
    "/protractor/del"
  ],
  "_resolved": "https://registry.npmjs.org/globby/-/globby-5.0.0.tgz",
  "_shasum": "ebd84667ca0dbb330b99bcfc68eac2bc54370e0d",
  "_spec": "globby@^5.0.0",
  "_where": "/Users/manuschn/projects/artificial-self-AMLD-2020/tsDataset/node_modules/protractor/node_modules/del",
  "author": {
    "name": "Sindre Sorhus",
    "email": "sindresorhus@gmail.com",
    "url": "sindresorhus.com"
  },
  "bugs": {
    "url": "https://github.com/sindresorhus/globby/issues"
  },
  "bundleDependencies": false,
  "dependencies": {
    "array-union": "^1.0.1",
    "arrify": "^1.0.0",
    "glob": "^7.0.3",
    "object-assign": "^4.0.1",
    "pify": "^2.0.0",
    "pinkie-promise": "^2.0.0"
  },
  "deprecated": false,
  "description": "Extends `glob` with support for multiple patterns and exposes a Promise API",
  "devDependencies": {
    "ava": "*",
    "glob-stream": "github:wearefractal/glob-stream#master",
    "globby": "github:sindresorhus/globby#master",
    "matcha": "^0.7.0",
    "rimraf": "^2.2.8",
    "xo": "*"
  },
  "engines": {
    "node": ">=0.10.0"
  },
  "files": [
    "index.js"
  ],
  "homepage": "https://github.com/sindresorhus/globby#readme",
  "keywords": [
    "all",
    "array",
    "directories",
    "dirs",
    "expand",
    "files",
    "filesystem",
    "filter",
    "find",
    "fnmatch",
    "folders",
    "fs",
    "glob",
    "globbing",
    "globs",
    "gulpfriendly",
    "match",
    "matcher",
    "minimatch",
    "multi",
    "multiple",
    "paths",
    "pattern",
    "patterns",
    "traverse",
    "util",
    "utility",
    "wildcard",
    "wildcards",
    "promise"
  ],
  "license": "MIT",
  "name": "globby",
  "repository": {
    "type": "git",
    "url": "git+https://github.com/sindresorhus/globby.git"
  },
  "scripts": {
    "bench": "npm update globby glob-stream && matcha bench.js",
    "test": "xo && ava"
  },
  "version": "5.0.0"
}
