{
  "_from": "send@0.17.1",
  "_id": "send@0.17.1",
  "_inBundle": false,
  "_integrity": "sha512-BsVKsiGcQMFwT8UxypobUKyv7irCNRHk1T0G680vk88yf6LBByGcZJOTJCrTP2xVN6yI+XjPJcNuE3V4fT9sAg==",
  "_location": "/send",
  "_phantomChildren": {},
  "_requested": {
    "type": "version",
    "registry": true,
    "raw": "send@0.17.1",
    "name": "send",
    "escapedName": "send",
    "rawSpec": "0.17.1",
    "saveSpec": null,
    "fetchSpec": "0.17.1"
  },
  "_requiredBy": [
    "/express",
    "/serve-static"
  ],
  "_resolved": "https://registry.npmjs.org/send/-/send-0.17.1.tgz",
  "_shasum": "c1d8b059f7900f7466dd4938bdc44e11ddb376c8",
  "_spec": "send@0.17.1",
  "_where": "/Users/manuschn/projects/artificial-self-AMLD-2020/tsDataset/node_modules/express",
  "author": {
    "name": "TJ Holowaychuk",
    "email": "tj@vision-media.ca"
  },
  "bugs": {
    "url": "https://github.com/pillarjs/send/issues"
  },
  "bundleDependencies": false,
  "contributors": [
    {
      "name": "Douglas Christopher Wilson",
      "email": "doug@somethingdoug.com"
    },
    {
      "name": "James Wyatt Cready",
      "email": "jcready@gmail.com"
    },
    {
      "name": "Jesús Leganés Combarro",
      "email": "piranna@gmail.com"
    }
  ],
  "dependencies": {
    "debug": "2.6.9",
    "depd": "~1.1.2",
    "destroy": "~1.0.4",
    "encodeurl": "~1.0.2",
    "escape-html": "~1.0.3",
    "etag": "~1.8.1",
    "fresh": "0.5.2",
    "http-errors": "~1.7.2",
    "mime": "1.6.0",
    "ms": "2.1.1",
    "on-finished": "~2.3.0",
    "range-parser": "~1.2.1",
    "statuses": "~1.5.0"
  },
  "deprecated": false,
  "description": "Better streaming static file server with Range and conditional-GET support",
  "devDependencies": {
    "after": "0.8.2",
    "eslint": "5.16.0",
    "eslint-config-standard": "12.0.0",
    "eslint-plugin-import": "2.17.2",
    "eslint-plugin-markdown": "1.0.0",
    "eslint-plugin-node": "8.0.1",
    "eslint-plugin-promise": "4.1.1",
    "eslint-plugin-standard": "4.0.0",
    "istanbul": "0.4.5",
    "mocha": "6.1.4",
    "supertest": "4.0.2"
  },
  "engines": {
    "node": ">= 0.8.0"
  },
  "files": [
    "HISTORY.md",
    "LICENSE",
    "README.md",
    "index.js"
  ],
  "homepage": "https://github.com/pillarjs/send#readme",
  "keywords": [
    "static",
    "file",
    "server"
  ],
  "license": "MIT",
  "name": "send",
  "repository": {
    "type": "git",
    "url": "git+https://github.com/pillarjs/send.git"
  },
  "scripts": {
    "lint": "eslint --plugin markdown --ext js,md .",
    "test": "mocha --check-leaks --reporter spec --bail",
    "test-ci": "istanbul cover node_modules/mocha/bin/_mocha --report lcovonly -- --check-leaks --reporter spec",
    "test-cov": "istanbul cover node_modules/mocha/bin/_mocha -- --check-leaks --reporter dot"
  },
  "version": "0.17.1"
}
