{
  "_from": "serve-index@^1.7.2",
  "_id": "serve-index@1.9.1",
  "_inBundle": false,
  "_integrity": "sha1-03aNabHn2C5c4FD/9bRTvqEqkjk=",
  "_location": "/serve-index",
  "_phantomChildren": {
    "depd": "1.1.2",
    "statuses": "1.5.0"
  },
  "_requested": {
    "type": "range",
    "registry": true,
    "raw": "serve-index@^1.7.2",
    "name": "serve-index",
    "escapedName": "serve-index",
    "rawSpec": "^1.7.2",
    "saveSpec": null,
    "fetchSpec": "^1.7.2"
  },
  "_requiredBy": [
    "/webpack-dev-server"
  ],
  "_resolved": "https://registry.npmjs.org/serve-index/-/serve-index-1.9.1.tgz",
  "_shasum": "d3768d69b1e7d82e5ce050fff5b453bea12a9239",
  "_spec": "serve-index@^1.7.2",
  "_where": "/Users/manuschn/projects/artificial-self-AMLD-2020/tsDataset/node_modules/webpack-dev-server",
  "author": {
    "name": "Douglas Christopher Wilson",
    "email": "doug@somethingdoug.com"
  },
  "bugs": {
    "url": "https://github.com/expressjs/serve-index/issues"
  },
  "bundleDependencies": false,
  "dependencies": {
    "accepts": "~1.3.4",
    "batch": "0.6.1",
    "debug": "2.6.9",
    "escape-html": "~1.0.3",
    "http-errors": "~1.6.2",
    "mime-types": "~2.1.17",
    "parseurl": "~1.3.2"
  },
  "deprecated": false,
  "description": "Serve directory listings",
  "devDependencies": {
    "after": "0.8.2",
    "istanbul": "0.4.5",
    "mocha": "2.5.3",
    "supertest": "1.1.0"
  },
  "engines": {
    "node": ">= 0.8.0"
  },
  "files": [
    "public/",
    "LICENSE",
    "HISTORY.md",
    "index.js"
  ],
  "homepage": "https://github.com/expressjs/serve-index#readme",
  "license": "MIT",
  "name": "serve-index",
  "repository": {
    "type": "git",
    "url": "git+https://github.com/expressjs/serve-index.git"
  },
  "scripts": {
    "test": "mocha --reporter spec --bail --check-leaks test/",
    "test-ci": "istanbul cover node_modules/mocha/bin/_mocha --report lcovonly -- --reporter spec --check-leaks test/",
    "test-cov": "istanbul cover node_modules/mocha/bin/_mocha -- --reporter dot --check-leaks test/"
  },
  "version": "1.9.1"
}
