{
  "_from": "http-proxy@^1.16.2",
  "_id": "http-proxy@1.18.0",
  "_inBundle": false,
  "_integrity": "sha512-84I2iJM/n1d4Hdgc6y2+qY5mDaz2PUVjlg9znE9byl+q0uC3DeByqBGReQu5tpLK0TAqTIXScRUV+dg7+bUPpQ==",
  "_location": "/http-proxy",
  "_phantomChildren": {},
  "_requested": {
    "type": "range",
    "registry": true,
    "raw": "http-proxy@^1.16.2",
    "name": "http-proxy",
    "escapedName": "http-proxy",
    "rawSpec": "^1.16.2",
    "saveSpec": null,
    "fetchSpec": "^1.16.2"
  },
  "_requiredBy": [
    "/http-proxy-middleware",
    "/karma"
  ],
  "_resolved": "https://registry.npmjs.org/http-proxy/-/http-proxy-1.18.0.tgz",
  "_shasum": "dbe55f63e75a347db7f3d99974f2692a314a6a3a",
  "_spec": "http-proxy@^1.16.2",
  "_where": "/Users/manuschn/projects/artificial-self-AMLD-2020/tsDataset/node_modules/http-proxy-middleware",
  "author": {
    "name": "Charlie Robbins",
    "email": "charlie.robbins@gmail.com"
  },
  "bugs": {
    "url": "https://github.com/http-party/node-http-proxy/issues"
  },
  "bundleDependencies": false,
  "dependencies": {
    "eventemitter3": "^4.0.0",
    "follow-redirects": "^1.0.0",
    "requires-port": "^1.0.0"
  },
  "deprecated": false,
  "description": "HTTP proxying for the masses",
  "devDependencies": {
    "async": "^3.0.0",
    "auto-changelog": "^1.15.0",
    "concat-stream": "^2.0.0",
    "expect.js": "~0.3.1",
    "mocha": "^3.5.3",
    "nyc": "^14.0.0",
    "semver": "^5.0.3",
    "socket.io": "^2.1.0",
    "socket.io-client": "^2.1.0",
    "sse": "0.0.8",
    "ws": "^3.0.0"
  },
  "engines": {
    "node": ">=6.0.0"
  },
  "homepage": "https://github.com/http-party/node-http-proxy#readme",
  "license": "MIT",
  "main": "index.js",
  "maintainers": [
    {
      "name": "jcrugzz",
      "email": "jcrugzz@gmail.com"
    }
  ],
  "name": "http-proxy",
  "repository": {
    "type": "git",
    "url": "git+https://github.com/http-party/node-http-proxy.git"
  },
  "scripts": {
    "mocha": "mocha test/*-test.js",
    "test": "nyc --reporter=text --reporter=lcov npm run mocha",
    "version": "auto-changelog -p && git add CHANGELOG.md"
  },
  "version": "1.18.0"
}
