{
  "_from": "sprintf-js@^1.1.1",
  "_id": "sprintf-js@1.1.2",
  "_inBundle": false,
  "_integrity": "sha512-VE0SOVEHCk7Qc8ulkWw3ntAzXuqf7S2lvwQaDLRnUeIEaKNQJzV6BwmLKhOqT61aGhfUMrXeaBk+oDGCzvhcug==",
  "_location": "/codelyzer/sprintf-js",
  "_phantomChildren": {},
  "_requested": {
    "type": "range",
    "registry": true,
    "raw": "sprintf-js@^1.1.1",
    "name": "sprintf-js",
    "escapedName": "sprintf-js",
    "rawSpec": "^1.1.1",
    "saveSpec": null,
    "fetchSpec": "^1.1.1"
  },
  "_requiredBy": [
    "/codelyzer"
  ],
  "_resolved": "https://registry.npmjs.org/sprintf-js/-/sprintf-js-1.1.2.tgz",
  "_shasum": "da1765262bf8c0f571749f2ad6c26300207ae673",
  "_spec": "sprintf-js@^1.1.1",
  "_where": "/Users/manuschn/projects/artificial-self-AMLD-2020/tsDataset/node_modules/codelyzer",
  "author": {
    "name": "Alexandru Mărășteanu",
    "email": "hello@alexei.ro"
  },
  "bugs": {
    "url": "https://github.com/alexei/sprintf.js/issues"
  },
  "bundleDependencies": false,
  "deprecated": false,
  "description": "JavaScript sprintf implementation",
  "devDependencies": {
    "benchmark": "^2.1.4",
    "eslint": "^5.10.0",
    "gulp": "^3.9.1",
    "gulp-benchmark": "^1.1.1",
    "gulp-eslint": "^5.0.0",
    "gulp-header": "^2.0.5",
    "gulp-mocha": "^6.0.0",
    "gulp-rename": "^1.4.0",
    "gulp-sourcemaps": "^2.6.4",
    "gulp-uglify": "^3.0.1",
    "mocha": "^5.2.0"
  },
  "homepage": "https://github.com/alexei/sprintf.js#readme",
  "license": "BSD-3-Clause",
  "main": "src/sprintf.js",
  "name": "sprintf-js",
  "repository": {
    "type": "git",
    "url": "git+https://github.com/alexei/sprintf.js.git"
  },
  "scripts": {
    "lint": "eslint .",
    "lint:fix": "eslint --fix .",
    "pretest": "npm run lint",
    "test": "mocha test/*.js"
  },
  "version": "1.1.2"
}
