{
  "_from": "ajv@6.5.3",
  "_id": "ajv@6.5.3",
  "_inBundle": false,
  "_integrity": "sha512-LqZ9wY+fx3UMiiPd741yB2pj3hhil+hQc8taf4o2QGRFpWgZ2V5C8HA165DY9sS3fJwsk7uT7ZlFEyC3Ig3lLg==",
  "_location": "/ajv",
  "_phantomChildren": {},
  "_requested": {
    "type": "version",
    "registry": true,
    "raw": "ajv@6.5.3",
    "name": "ajv",
    "escapedName": "ajv",
    "rawSpec": "6.5.3",
    "saveSpec": null,
    "fetchSpec": "6.5.3"
  },
  "_requiredBy": [
    "/@angular-devkit/build-angular",
    "/@angular-devkit/core",
    "/schema-utils",
    "/style-loader/schema-utils",
    "/uglifyjs-webpack-plugin/schema-utils",
    "/webpack",
    "/webpack/schema-utils"
  ],
  "_resolved": "https://registry.npmjs.org/ajv/-/ajv-6.5.3.tgz",
  "_shasum": "71a569d189ecf4f4f321224fecb166f071dd90f9",
  "_spec": "ajv@6.5.3",
  "_where": "/Users/manuschn/projects/artificial-self-AMLD-2020/tsDataset/node_modules/@angular-devkit/build-angular",
  "author": {
    "name": "Evgeny Poberezkin"
  },
  "bugs": {
    "url": "https://github.com/epoberezkin/ajv/issues"
  },
  "bundleDependencies": false,
  "dependencies": {
    "fast-deep-equal": "^2.0.1",
    "fast-json-stable-stringify": "^2.0.0",
    "json-schema-traverse": "^0.4.1",
    "uri-js": "^4.2.2"
  },
  "deprecated": false,
  "description": "Another JSON Schema Validator",
  "devDependencies": {
    "ajv-async": "^1.0.0",
    "bluebird": "^3.1.5",
    "brfs": "^2.0.0",
    "browserify": "^16.2.0",
    "chai": "^4.0.1",
    "coveralls": "^3.0.1",
    "del-cli": "^1.1.0",
    "dot": "^1.0.3",
    "eslint": "^5.0.0",
    "gh-pages-generator": "^0.2.3",
    "glob": "^7.0.0",
    "if-node-version": "^1.0.0",
    "js-beautify": "^1.7.3",
    "jshint": "^2.9.4",
    "json-schema-test": "^2.0.0",
    "karma": "^3.0.0",
    "karma-chrome-launcher": "^2.0.0",
    "karma-mocha": "^1.1.1",
    "karma-phantomjs-launcher": "^1.0.0",
    "karma-sauce-launcher": "^1.1.0",
    "mocha": "^5.1.1",
    "nyc": "^12.0.1",
    "phantomjs-prebuilt": "^2.1.4",
    "pre-commit": "^1.1.1",
    "require-globify": "^1.3.0",
    "typescript": "^2.8.3",
    "uglify-js": "^3.3.24",
    "watch": "^1.0.0"
  },
  "files": [
    "lib/",
    "dist/",
    "scripts/",
    "LICENSE",
    ".tonic_example.js"
  ],
  "homepage": "https://github.com/epoberezkin/ajv",
  "keywords": [
    "JSON",
    "schema",
    "validator",
    "validation",
    "jsonschema",
    "json-schema",
    "json-schema-validator",
    "json-schema-validation"
  ],
  "license": "MIT",
  "main": "lib/ajv.js",
  "name": "ajv",
  "nyc": {
    "exclude": [
      "**/spec/**",
      "node_modules"
    ],
    "reporter": [
      "lcov",
      "text-summary"
    ]
  },
  "repository": {
    "type": "git",
    "url": "git+https://github.com/epoberezkin/ajv.git"
  },
  "scripts": {
    "build": "del-cli lib/dotjs/*.js '!lib/dotjs/index.js' && node scripts/compile-dots.js",
    "bundle": "del-cli dist && node ./scripts/bundle.js . Ajv pure_getters",
    "bundle-beautify": "node ./scripts/bundle.js js-beautify",
    "eslint": "eslint lib/*.js lib/compile/*.js spec/*.js scripts",
    "jshint": "jshint lib/*.js lib/**/*.js --exclude lib/dotjs/**/*",
    "prepublish": "npm run build && npm run bundle",
    "test": "npm run jshint && npm run eslint && npm run test-ts && npm run build && npm run test-cov && if-node-version 8 npm run test-browser",
    "test-browser": "del-cli .browser && npm run bundle && scripts/prepare-tests && npm run test-karma",
    "test-cov": "nyc npm run test-spec",
    "test-debug": "mocha spec/*.spec.js --debug-brk -R spec",
    "test-fast": "AJV_FAST_TEST=true npm run test-spec",
    "test-karma": "karma start --single-run --browsers PhantomJS",
    "test-spec": "mocha spec/*.spec.js -R spec",
    "test-ts": "tsc --target ES5 --noImplicitAny lib/ajv.d.ts",
    "watch": "watch 'npm run build' ./lib/dot"
  },
  "tonicExampleFilename": ".tonic_example.js",
  "typings": "lib/ajv.d.ts",
  "version": "6.5.3"
}
