{
  "_from": "object-inspect@^1.7.0",
  "_id": "object-inspect@1.7.0",
  "_inBundle": false,
  "_integrity": "sha512-a7pEHdh1xKIAgTySUGgLMx/xwDZskN1Ud6egYYN3EdRW4ZMPNEDUTF+hwy2LUC+Bl+SyLXANnwz/jyh/qutKUw==",
  "_location": "/object-inspect",
  "_phantomChildren": {},
  "_requested": {
    "type": "range",
    "registry": true,
    "raw": "object-inspect@^1.7.0",
    "name": "object-inspect",
    "escapedName": "object-inspect",
    "rawSpec": "^1.7.0",
    "saveSpec": null,
    "fetchSpec": "^1.7.0"
  },
  "_requiredBy": [
    "/es-abstract"
  ],
  "_resolved": "https://registry.npmjs.org/object-inspect/-/object-inspect-1.7.0.tgz",
  "_shasum": "f4f6bd181ad77f006b5ece60bd0b6f398ff74a67",
  "_spec": "object-inspect@^1.7.0",
  "_where": "/Users/manuschn/projects/artificial-self-AMLD-2020/tsDataset/node_modules/es-abstract",
  "author": {
    "name": "James Halliday",
    "email": "mail@substack.net",
    "url": "http://substack.net"
  },
  "browser": {
    "./util.inspect.js": false
  },
  "bugs": {
    "url": "https://github.com/substack/object-inspect/issues"
  },
  "bundleDependencies": false,
  "deprecated": false,
  "description": "string representations of objects in node and the browser",
  "devDependencies": {
    "@ljharb/eslint-config": "^15.0.1",
    "core-js": "^2.6.10",
    "eslint": "^6.6.0",
    "nyc": "^10.3.2",
    "tape": "^4.11.0"
  },
  "funding": {
    "url": "https://github.com/sponsors/ljharb"
  },
  "greenkeeper": {
    "ignore": [
      "nyc",
      "core-js"
    ]
  },
  "homepage": "https://github.com/substack/object-inspect",
  "keywords": [
    "inspect",
    "util.inspect",
    "object",
    "stringify",
    "pretty"
  ],
  "license": "MIT",
  "main": "index.js",
  "name": "object-inspect",
  "repository": {
    "type": "git",
    "url": "git://github.com/substack/object-inspect.git"
  },
  "scripts": {
    "coverage": "nyc npm run tests-only",
    "lint": "eslint .",
    "posttest": "npx aud --production",
    "pretest": "npm run lint",
    "pretests-only": "node test-core-js",
    "test": "npm run tests-only",
    "tests-only": "tape test/*.js"
  },
  "testling": {
    "files": [
      "test/*.js",
      "test/browser/*.js"
    ],
    "browsers": [
      "ie/6..latest",
      "chrome/latest",
      "firefox/latest",
      "safari/latest",
      "opera/latest",
      "iphone/latest",
      "ipad/latest",
      "android/latest"
    ]
  },
  "version": "1.7.0"
}
