{
  "_from": "chardet@^0.7.0",
  "_id": "chardet@0.7.0",
  "_inBundle": false,
  "_integrity": "sha512-mT8iDcrh03qDGRRmoA2hmBJnxpllMR+0/0qlzjqZES6NdiWDcZkCNAk4rPFZ9Q85r27unkiNNg8ZOiwZXBHwcA==",
  "_location": "/chardet",
  "_phantomChildren": {},
  "_requested": {
    "type": "range",
    "registry": true,
    "raw": "chardet@^0.7.0",
    "name": "chardet",
    "escapedName": "chardet",
    "rawSpec": "^0.7.0",
    "saveSpec": null,
    "fetchSpec": "^0.7.0"
  },
  "_requiredBy": [
    "/external-editor"
  ],
  "_resolved": "https://registry.npmjs.org/chardet/-/chardet-0.7.0.tgz",
  "_shasum": "90094849f0937f2eedc2425d0d28a9e5f0cbad9e",
  "_spec": "chardet@^0.7.0",
  "_where": "/Users/manuschn/projects/artificial-self-AMLD-2020/tsDataset/node_modules/external-editor",
  "author": {
    "name": "Dmitry Shirokov",
    "email": "deadrunk@gmail.com"
  },
  "bugs": {
    "url": "http://github.com/runk/node-chardet/issues"
  },
  "bundleDependencies": false,
  "contributors": [
    {
      "name": "@spikying"
    },
    {
      "name": "@wtgtybhertgeghgtwtg"
    },
    {
      "name": "@suisho"
    },
    {
      "name": "@seangarner"
    },
    {
      "name": "@zevanty"
    }
  ],
  "deprecated": false,
  "description": "Character detector",
  "devDependencies": {
    "github-publish-release": "^5.0.0",
    "mocha": "^5.2.0"
  },
  "directories": {
    "test": "test"
  },
  "engine": {
    "node": ">=4"
  },
  "homepage": "https://github.com/runk/node-chardet",
  "keywords": [
    "encoding",
    "character",
    "utf8",
    "detector",
    "chardet",
    "icu"
  ],
  "license": "MIT",
  "main": "index.js",
  "name": "chardet",
  "repository": {
    "type": "git",
    "url": "git+ssh://git@github.com/runk/node-chardet.git"
  },
  "scripts": {
    "release": "scripts/release",
    "test": "mocha -R spec --recursive --bail"
  },
  "version": "0.7.0"
}
