{
  "_from": "nopt@3.x",
  "_id": "nopt@3.0.6",
  "_inBundle": false,
  "_integrity": "sha1-xkZdvwirzU2zWTF/eaxopkayj/k=",
  "_location": "/nopt",
  "_phantomChildren": {},
  "_requested": {
    "type": "range",
    "registry": true,
    "raw": "nopt@3.x",
    "name": "nopt",
    "escapedName": "nopt",
    "rawSpec": "3.x",
    "saveSpec": null,
    "fetchSpec": "3.x"
  },
  "_requiredBy": [
    "/istanbul",
    "/node-gyp"
  ],
  "_resolved": "https://registry.npmjs.org/nopt/-/nopt-3.0.6.tgz",
  "_shasum": "c6465dbf08abcd4db359317f79ac68a646b28ff9",
  "_spec": "nopt@3.x",
  "_where": "/Users/manuschn/projects/artificial-self-AMLD-2020/tsDataset/node_modules/istanbul",
  "author": {
    "name": "Isaac Z. Schlueter",
    "email": "i@izs.me",
    "url": "http://blog.izs.me/"
  },
  "bin": {
    "nopt": "./bin/nopt.js"
  },
  "bugs": {
    "url": "https://github.com/npm/nopt/issues"
  },
  "bundleDependencies": false,
  "dependencies": {
    "abbrev": "1"
  },
  "deprecated": false,
  "description": "Option parsing for Node, supporting types, shorthands, etc. Used by npm.",
  "devDependencies": {
    "tap": "^1.2.0"
  },
  "homepage": "https://github.com/npm/nopt#readme",
  "license": "ISC",
  "main": "lib/nopt.js",
  "name": "nopt",
  "repository": {
    "type": "git",
    "url": "git+https://github.com/npm/nopt.git"
  },
  "scripts": {
    "test": "tap test/*.js"
  },
  "version": "3.0.6"
}
