{
  "_from": "ms@2.0.0",
  "_id": "ms@2.0.0",
  "_inBundle": false,
  "_integrity": "sha1-VgiurfwAvmwpAd9fmGF4jeDVl8g=",
  "_location": "/ms",
  "_phantomChildren": {},
  "_requested": {
    "type": "version",
    "registry": true,
    "raw": "ms@2.0.0",
    "name": "ms",
    "escapedName": "ms",
    "rawSpec": "2.0.0",
    "saveSpec": null,
    "fetchSpec": "2.0.0"
  },
  "_requiredBy": [
    "/debug",
    "/engine.io-client/debug",
    "/engine.io/debug",
    "/socket.io-client/debug",
    "/socket.io-parser/debug",
    "/socket.io/debug"
  ],
  "_resolved": "https://registry.npmjs.org/ms/-/ms-2.0.0.tgz",
  "_shasum": "5608aeadfc00be6c2901df5f9861788de0d597c8",
  "_spec": "ms@2.0.0",
  "_where": "/Users/manuschn/projects/artificial-self-AMLD-2020/tsDataset/node_modules/debug",
  "bugs": {
    "url": "https://github.com/zeit/ms/issues"
  },
  "bundleDependencies": false,
  "deprecated": false,
  "description": "Tiny milisecond conversion utility",
  "devDependencies": {
    "eslint": "3.19.0",
    "expect.js": "0.3.1",
    "husky": "0.13.3",
    "lint-staged": "3.4.1",
    "mocha": "3.4.1"
  },
  "eslintConfig": {
    "extends": "eslint:recommended",
    "env": {
      "node": true,
      "es6": true
    }
  },
  "files": [
    "index.js"
  ],
  "homepage": "https://github.com/zeit/ms#readme",
  "license": "MIT",
  "lint-staged": {
    "*.js": [
      "npm run lint",
      "prettier --single-quote --write",
      "git add"
    ]
  },
  "main": "./index",
  "name": "ms",
  "repository": {
    "type": "git",
    "url": "git+https://github.com/zeit/ms.git"
  },
  "scripts": {
    "lint": "eslint lib/* bin/*",
    "precommit": "lint-staged",
    "test": "mocha tests.js"
  },
  "version": "2.0.0"
}
