{
  "_from": "node-releases@^1.1.46",
  "_id": "node-releases@1.1.46",
  "_inBundle": false,
  "_integrity": "sha512-YOjdx+Uoh9FbRO7yVYbnbt1puRWPQMemR3SutLeyv2XfxKs1ihpe0OLAUwBPEP2ImNH/PZC7SEiC6j32dwRZ7g==",
  "_location": "/node-releases",
  "_phantomChildren": {},
  "_requested": {
    "type": "range",
    "registry": true,
    "raw": "node-releases@^1.1.46",
    "name": "node-releases",
    "escapedName": "node-releases",
    "rawSpec": "^1.1.46",
    "saveSpec": null,
    "fetchSpec": "^1.1.46"
  },
  "_requiredBy": [
    "/browserslist"
  ],
  "_resolved": "https://registry.npmjs.org/node-releases/-/node-releases-1.1.46.tgz",
  "_shasum": "6b262afef1bdc9a950a96df2e77e0d2290f484bf",
  "_spec": "node-releases@^1.1.46",
  "_where": "/Users/manuschn/projects/artificial-self-AMLD-2020/tsDataset/node_modules/browserslist",
  "author": {
    "name": "Sergey Rubanov",
    "email": "chi187@gmail.com"
  },
  "bugs": {
    "url": "https://github.com/chicoxyzzy/node-releases/issues"
  },
  "bundleDependencies": false,
  "dependencies": {
    "semver": "^6.3.0"
  },
  "deprecated": false,
  "description": "Node.js releases data",
  "homepage": "https://github.com/chicoxyzzy/node-releases#readme",
  "keywords": [
    "nodejs",
    "releases"
  ],
  "license": "MIT",
  "name": "node-releases",
  "repository": {
    "type": "git",
    "url": "git+https://github.com/chicoxyzzy/node-releases.git"
  },
  "scripts": {
    "build": "npm run fetch && npm run process",
    "fetch": "node scripts/fetch.js",
    "process": "node scripts/process.js"
  },
  "version": "1.1.46"
}
