{
  "_from": "wordwrap@^1.0.0",
  "_id": "wordwrap@1.0.0",
  "_inBundle": false,
  "_integrity": "sha1-J1hIEIkUVqQXHI0CJkQa3pDLyus=",
  "_location": "/wordwrap",
  "_phantomChildren": {},
  "_requested": {
    "type": "range",
    "registry": true,
    "raw": "wordwrap@^1.0.0",
    "name": "wordwrap",
    "escapedName": "wordwrap",
    "rawSpec": "^1.0.0",
    "saveSpec": null,
    "fetchSpec": "^1.0.0"
  },
  "_requiredBy": [
    "/istanbul"
  ],
  "_resolved": "https://registry.npmjs.org/wordwrap/-/wordwrap-1.0.0.tgz",
  "_shasum": "27584810891456a4171c8d0226441ade90cbcaeb",
  "_spec": "wordwrap@^1.0.0",
  "_where": "/Users/manuschn/projects/artificial-self-AMLD-2020/tsDataset/node_modules/istanbul",
  "author": {
    "name": "James Halliday",
    "email": "mail@substack.net",
    "url": "http://substack.net"
  },
  "bugs": {
    "url": "https://github.com/substack/node-wordwrap/issues"
  },
  "bundleDependencies": false,
  "deprecated": false,
  "description": "Wrap those words. Show them at what columns to start and stop.",
  "devDependencies": {
    "tape": "^4.0.0"
  },
  "directories": {
    "lib": ".",
    "example": "example",
    "test": "test"
  },
  "homepage": "https://github.com/substack/node-wordwrap#readme",
  "keywords": [
    "word",
    "wrap",
    "rule",
    "format",
    "column"
  ],
  "license": "MIT",
  "main": "./index.js",
  "name": "wordwrap",
  "repository": {
    "type": "git",
    "url": "git://github.com/substack/node-wordwrap.git"
  },
  "scripts": {
    "test": "expresso"
  },
  "version": "1.0.0"
}
