{
  "_from": "estraverse@^4.1.1",
  "_id": "estraverse@4.3.0",
  "_inBundle": false,
  "_integrity": "sha512-39nnKffWz8xN1BU/2c79n9nB9HDzo0niYUqx6xyqUnyoAnQyyWpOTdZEeiCch8BBu515t4wp9ZmgVfVhn9EBpw==",
  "_location": "/eslint-scope/estraverse",
  "_phantomChildren": {},
  "_requested": {
    "type": "range",
    "registry": true,
    "raw": "estraverse@^4.1.1",
    "name": "estraverse",
    "escapedName": "estraverse",
    "rawSpec": "^4.1.1",
    "saveSpec": null,
    "fetchSpec": "^4.1.1"
  },
  "_requiredBy": [
    "/eslint-scope"
  ],
  "_resolved": "https://registry.npmjs.org/estraverse/-/estraverse-4.3.0.tgz",
  "_shasum": "398ad3f3c5a24948be7725e83d11a7de28cdbd1d",
  "_spec": "estraverse@^4.1.1",
  "_where": "/Users/manuschn/projects/artificial-self-AMLD-2020/tsDataset/node_modules/eslint-scope",
  "bugs": {
    "url": "https://github.com/estools/estraverse/issues"
  },
  "bundleDependencies": false,
  "deprecated": false,
  "description": "ECMAScript JS AST traversal functions",
  "devDependencies": {
    "babel-preset-env": "^1.6.1",
    "babel-register": "^6.3.13",
    "chai": "^2.1.1",
    "espree": "^1.11.0",
    "gulp": "^3.8.10",
    "gulp-bump": "^0.2.2",
    "gulp-filter": "^2.0.0",
    "gulp-git": "^1.0.1",
    "gulp-tag-version": "^1.3.0",
    "jshint": "^2.5.6",
    "mocha": "^2.1.0"
  },
  "engines": {
    "node": ">=4.0"
  },
  "homepage": "https://github.com/estools/estraverse",
  "license": "BSD-2-Clause",
  "main": "estraverse.js",
  "maintainers": [
    {
      "name": "Yusuke Suzuki",
      "email": "utatane.tea@gmail.com",
      "url": "http://github.com/Constellation"
    }
  ],
  "name": "estraverse",
  "repository": {
    "type": "git",
    "url": "git+ssh://git@github.com/estools/estraverse.git"
  },
  "scripts": {
    "lint": "jshint estraverse.js",
    "test": "npm run-script lint && npm run-script unit-test",
    "unit-test": "mocha --compilers js:babel-register"
  },
  "version": "4.3.0"
}
