{
  "_from": "chrome-trace-event@^1.0.0",
  "_id": "chrome-trace-event@1.0.2",
  "_inBundle": false,
  "_integrity": "sha512-9e/zx1jw7B4CO+c/RXoCsfg/x1AfUBioy4owYH0bJprEYAx5hRFLRhWBqHAG57D0ZM4H7vxbP7bPe0VwhQRYDQ==",
  "_location": "/chrome-trace-event",
  "_phantomChildren": {},
  "_requested": {
    "type": "range",
    "registry": true,
    "raw": "chrome-trace-event@^1.0.0",
    "name": "chrome-trace-event",
    "escapedName": "chrome-trace-event",
    "rawSpec": "^1.0.0",
    "saveSpec": null,
    "fetchSpec": "^1.0.0"
  },
  "_requiredBy": [
    "/webpack"
  ],
  "_resolved": "https://registry.npmjs.org/chrome-trace-event/-/chrome-trace-event-1.0.2.tgz",
  "_shasum": "234090ee97c7d4ad1a2c4beae27505deffc608a4",
  "_spec": "chrome-trace-event@^1.0.0",
  "_where": "/Users/manuschn/projects/artificial-self-AMLD-2020/tsDataset/node_modules/webpack",
  "author": {
    "name": "Trent Mick, Sam Saccone"
  },
  "bundleDependencies": false,
  "dependencies": {
    "tslib": "^1.9.0"
  },
  "deprecated": false,
  "description": "A library to create a trace of your node app per Google's Trace Event format.",
  "devDependencies": {
    "@types/node": "^9.6.5",
    "prettier": "^1.12.1",
    "tape": "4.8.0",
    "typescript": "^2.8.1"
  },
  "engines": {
    "node": ">=6.0"
  },
  "keywords": [
    "trace-event",
    "trace",
    "event",
    "trace-viewer",
    "google"
  ],
  "license": "MIT",
  "main": "./dist/trace-event.js",
  "name": "chrome-trace-event",
  "repository": {
    "type": "git",
    "url": "github.com:samccone/chrome-trace-event"
  },
  "scripts": {
    "build": "tsc",
    "check_format": "prettier -l lib/** test/** examples/**",
    "test": "tape test/*.test.js"
  },
  "typings": "./dist/trace-event.d.ts",
  "version": "1.0.2"
}
