{
  "_from": "source-map@0.5.6",
  "_id": "source-map@0.5.6",
  "_inBundle": false,
  "_integrity": "sha1-dc449SvwczxafwwRjYEzSiu19BI=",
  "_location": "/@angular-devkit/build-optimizer/source-map",
  "_phantomChildren": {},
  "_requested": {
    "type": "version",
    "registry": true,
    "raw": "source-map@0.5.6",
    "name": "source-map",
    "escapedName": "source-map",
    "rawSpec": "0.5.6",
    "saveSpec": null,
    "fetchSpec": "0.5.6"
  },
  "_requiredBy": [
    "/@angular-devkit/build-optimizer"
  ],
  "_resolved": "https://registry.npmjs.org/source-map/-/source-map-0.5.6.tgz",
  "_shasum": "75ce38f52bf0733c5a7f0c118d81334a2bb5f412",
  "_spec": "source-map@0.5.6",
  "_where": "/Users/manuschn/projects/artificial-self-AMLD-2020/tsDataset/node_modules/@angular-devkit/build-optimizer",
  "author": {
    "name": "Nick Fitzgerald",
    "email": "nfitzgerald@mozilla.com"
  },
  "bugs": {
    "url": "https://github.com/mozilla/source-map/issues"
  },
  "bundleDependencies": false,
  "contributors": [
    {
      "name": "Tobias Koppers",
      "email": "tobias.koppers@googlemail.com"
    },
    {
      "name": "Duncan Beevers",
      "email": "duncan@dweebd.com"
    },
    {
      "name": "Stephen Crane",
      "email": "scrane@mozilla.com"
    },
    {
      "name": "Ryan Seddon",
      "email": "seddon.ryan@gmail.com"
    },
    {
      "name": "Miles Elam",
      "email": "miles.elam@deem.com"
    },
    {
      "name": "Mihai Bazon",
      "email": "mihai.bazon@gmail.com"
    },
    {
      "name": "Michael Ficarra",
      "email": "github.public.email@michael.ficarra.me"
    },
    {
      "name": "Todd Wolfson",
      "email": "todd@twolfson.com"
    },
    {
      "name": "Alexander Solovyov",
      "email": "alexander@solovyov.net"
    },
    {
      "name": "Felix Gnass",
      "email": "fgnass@gmail.com"
    },
    {
      "name": "Conrad Irwin",
      "email": "conrad.irwin@gmail.com"
    },
    {
      "name": "usrbincc",
      "email": "usrbincc@yahoo.com"
    },
    {
      "name": "David Glasser",
      "email": "glasser@davidglasser.net"
    },
    {
      "name": "Chase Douglas",
      "email": "chase@newrelic.com"
    },
    {
      "name": "Evan Wallace",
      "email": "evan.exe@gmail.com"
    },
    {
      "name": "Heather Arthur",
      "email": "fayearthur@gmail.com"
    },
    {
      "name": "Hugh Kennedy",
      "email": "hughskennedy@gmail.com"
    },
    {
      "name": "David Glasser",
      "email": "glasser@davidglasser.net"
    },
    {
      "name": "Simon Lydell",
      "email": "simon.lydell@gmail.com"
    },
    {
      "name": "Jmeas Smith",
      "email": "jellyes2@gmail.com"
    },
    {
      "name": "Michael Z Goddard",
      "email": "mzgoddard@gmail.com"
    },
    {
      "name": "azu",
      "email": "azu@users.noreply.github.com"
    },
    {
      "name": "John Gozde",
      "email": "john@gozde.ca"
    },
    {
      "name": "Adam Kirkton",
      "email": "akirkton@truefitinnovation.com"
    },
    {
      "name": "Chris Montgomery",
      "email": "christopher.montgomery@dowjones.com"
    },
    {
      "name": "J. Ryan Stinnett",
      "email": "jryans@gmail.com"
    },
    {
      "name": "Jack Herrington",
      "email": "jherrington@walmartlabs.com"
    },
    {
      "name": "Chris Truter",
      "email": "jeffpalentine@gmail.com"
    },
    {
      "name": "Daniel Espeset",
      "email": "daniel@danielespeset.com"
    },
    {
      "name": "Jamie Wong",
      "email": "jamie.lf.wong@gmail.com"
    },
    {
      "name": "Eddy Bruël",
      "email": "ejpbruel@mozilla.com"
    },
    {
      "name": "Hawken Rives",
      "email": "hawkrives@gmail.com"
    },
    {
      "name": "Gilad Peleg",
      "email": "giladp007@gmail.com"
    },
    {
      "name": "djchie",
      "email": "djchie.dev@gmail.com"
    },
    {
      "name": "Gary Ye",
      "email": "garysye@gmail.com"
    },
    {
      "name": "Nicolas Lalevée",
      "email": "nicolas.lalevee@hibnet.org"
    }
  ],
  "deprecated": false,
  "description": "Generates and consumes source maps",
  "devDependencies": {
    "doctoc": "^0.15.0",
    "webpack": "^1.12.0"
  },
  "engines": {
    "node": ">=0.10.0"
  },
  "files": [
    "source-map.js",
    "lib/",
    "dist/source-map.debug.js",
    "dist/source-map.js",
    "dist/source-map.min.js",
    "dist/source-map.min.js.map"
  ],
  "homepage": "https://github.com/mozilla/source-map",
  "license": "BSD-3-Clause",
  "main": "./source-map.js",
  "name": "source-map",
  "repository": {
    "type": "git",
    "url": "git+ssh://git@github.com/mozilla/source-map.git"
  },
  "scripts": {
    "build": "webpack --color",
    "test": "npm run build && node test/run-tests.js",
    "toc": "doctoc --title '## Table of Contents' README.md && doctoc --title '## Table of Contents' CONTRIBUTING.md"
  },
  "version": "0.5.6"
}
