{
  "_from": "faye-websocket@~0.11.0",
  "_id": "faye-websocket@0.11.3",
  "_inBundle": false,
  "_integrity": "sha512-D2y4bovYpzziGgbHYtGCMjlJM36vAl/y+xUyn1C+FVx8szd1E+86KwVw6XvYSzOP8iMpm1X0I4xJD+QtUb36OA==",
  "_location": "/sockjs-client/faye-websocket",
  "_phantomChildren": {},
  "_requested": {
    "type": "range",
    "registry": true,
    "raw": "faye-websocket@~0.11.0",
    "name": "faye-websocket",
    "escapedName": "faye-websocket",
    "rawSpec": "~0.11.0",
    "saveSpec": null,
    "fetchSpec": "~0.11.0"
  },
  "_requiredBy": [
    "/sockjs-client"
  ],
  "_resolved": "https://registry.npmjs.org/faye-websocket/-/faye-websocket-0.11.3.tgz",
  "_shasum": "5c0e9a8968e8912c286639fde977a8b209f2508e",
  "_spec": "faye-websocket@~0.11.0",
  "_where": "/Users/manuschn/projects/artificial-self-AMLD-2020/tsDataset/node_modules/sockjs-client",
  "author": {
    "name": "James Coglan",
    "email": "jcoglan@gmail.com",
    "url": "http://jcoglan.com/"
  },
  "bugs": {
    "url": "https://github.com/faye/faye-websocket-node/issues"
  },
  "bundleDependencies": false,
  "dependencies": {
    "websocket-driver": ">=0.5.1"
  },
  "deprecated": false,
  "description": "Standards-compliant WebSocket server and client",
  "devDependencies": {
    "jstest": "*",
    "pace": "*",
    "permessage-deflate": "*"
  },
  "engines": {
    "node": ">=0.8.0"
  },
  "files": [
    "lib"
  ],
  "homepage": "https://github.com/faye/faye-websocket-node",
  "keywords": [
    "websocket",
    "eventsource"
  ],
  "license": "Apache-2.0",
  "main": "./lib/faye/websocket",
  "name": "faye-websocket",
  "repository": {
    "type": "git",
    "url": "git://github.com/faye/faye-websocket-node.git"
  },
  "scripts": {
    "test": "jstest spec/runner.js"
  },
  "version": "0.11.3"
}
