{
  "_from": "lodash@^4.17.4",
  "_id": "lodash@4.17.15",
  "_inBundle": false,
  "_integrity": "sha512-8xOcRHvCjnocdS5cpwXQXVzmmh5e5+saE2QGoeQmbKmRS6J3VQppPOIt0MnmE+4xlZoumy0GPG0D0MVIQbNA1A==",
  "_location": "/lodash",
  "_phantomChildren": {},
  "_requested": {
    "type": "range",
    "registry": true,
    "raw": "lodash@^4.17.4",
    "name": "lodash",
    "escapedName": "lodash",
    "rawSpec": "^4.17.4",
    "saveSpec": null,
    "fetchSpec": "^4.17.4"
  },
  "_requiredBy": [
    "/@babel/generator",
    "/@babel/traverse",
    "/@babel/types",
    "/babel-generator",
    "/babel-template",
    "/babel-traverse",
    "/babel-types",
    "/combine-lists",
    "/globule",
    "/http-proxy-middleware",
    "/inquirer",
    "/istanbul-api/async",
    "/karma",
    "/sass-graph",
    "/source-map-loader/async",
    "/stats-webpack-plugin",
    "/webpack-merge"
  ],
  "_resolved": "https://registry.npmjs.org/lodash/-/lodash-4.17.15.tgz",
  "_shasum": "b447f6670a0455bbfeedd11392eff330ea097548",
  "_spec": "lodash@^4.17.4",
  "_where": "/Users/manuschn/projects/artificial-self-AMLD-2020/tsDataset/node_modules/babel-generator",
  "author": {
    "name": "John-David Dalton",
    "email": "john.david.dalton@gmail.com"
  },
  "bugs": {
    "url": "https://github.com/lodash/lodash/issues"
  },
  "bundleDependencies": false,
  "contributors": [
    {
      "name": "John-David Dalton",
      "email": "john.david.dalton@gmail.com"
    },
    {
      "name": "Mathias Bynens",
      "email": "mathias@qiwi.be"
    }
  ],
  "deprecated": false,
  "description": "Lodash modular utilities.",
  "homepage": "https://lodash.com/",
  "icon": "https://lodash.com/icon.svg",
  "keywords": [
    "modules",
    "stdlib",
    "util"
  ],
  "license": "MIT",
  "main": "lodash.js",
  "name": "lodash",
  "repository": {
    "type": "git",
    "url": "git+https://github.com/lodash/lodash.git"
  },
  "scripts": {
    "test": "echo \"See https://travis-ci.org/lodash-archive/lodash-cli for testing details.\""
  },
  "version": "4.17.15"
}
