{
  "_from": "chokidar@^1.4.2",
  "_id": "chokidar@1.7.0",
  "_inBundle": false,
  "_integrity": "sha1-eY5ol3gVHIB2tLNg5e3SjNortGg=",
  "_location": "/@angular/compiler-cli/chokidar",
  "_phantomChildren": {},
  "_requested": {
    "type": "range",
    "registry": true,
    "raw": "chokidar@^1.4.2",
    "name": "chokidar",
    "escapedName": "chokidar",
    "rawSpec": "^1.4.2",
    "saveSpec": null,
    "fetchSpec": "^1.4.2"
  },
  "_requiredBy": [
    "/@angular/compiler-cli"
  ],
  "_resolved": "https://registry.npmjs.org/chokidar/-/chokidar-1.7.0.tgz",
  "_shasum": "798e689778151c8076b4b360e5edd28cda2bb468",
  "_spec": "chokidar@^1.4.2",
  "_where": "/Users/manuschn/projects/artificial-self-AMLD-2020/tsDataset/node_modules/@angular/compiler-cli",
  "author": {
    "name": "Paul Miller",
    "url": "http://paulmillr.com"
  },
  "bugs": {
    "url": "http://github.com/paulmillr/chokidar/issues"
  },
  "bundleDependencies": false,
  "dependencies": {
    "anymatch": "^1.3.0",
    "async-each": "^1.0.0",
    "fsevents": "^1.0.0",
    "glob-parent": "^2.0.0",
    "inherits": "^2.0.1",
    "is-binary-path": "^1.0.0",
    "is-glob": "^2.0.0",
    "path-is-absolute": "^1.0.0",
    "readdirp": "^2.0.0"
  },
  "deprecated": false,
  "description": "A neat wrapper around node.js fs.watch / fs.watchFile / fsevents.",
  "devDependencies": {
    "chai": "^3.2.0",
    "coveralls": "^2.11.2",
    "graceful-fs": "4.1.4",
    "istanbul": "^0.3.20",
    "mocha": "^3.0.0",
    "rimraf": "^2.4.3",
    "sinon": "^1.10.3",
    "sinon-chai": "^2.6.0"
  },
  "files": [
    "index.js",
    "lib/"
  ],
  "homepage": "https://github.com/paulmillr/chokidar",
  "keywords": [
    "fs",
    "watch",
    "watchFile",
    "watcher",
    "watching",
    "file",
    "fsevents"
  ],
  "license": "MIT",
  "name": "chokidar",
  "optionalDependencies": {
    "fsevents": "^1.0.0"
  },
  "repository": {
    "type": "git",
    "url": "git+https://github.com/paulmillr/chokidar.git"
  },
  "scripts": {
    "ci-test": "istanbul cover _mocha && cat ./coverage/lcov.info | coveralls",
    "test": "istanbul test node_modules/mocha/bin/_mocha"
  },
  "version": "1.7.0"
}
