{
  "_from": "browserslist@^4.1.0",
  "_id": "browserslist@4.8.4",
  "_inBundle": false,
  "_integrity": "sha512-3qv/Ar3nRnRTpwGD+LZc7F4YHDBb3NAEIn+DesNa8TcBhyxf8eDqYwTOa70kiWXwvFjQQz+abbykJcyOlfBfNg==",
  "_location": "/browserslist",
  "_phantomChildren": {},
  "_requested": {
    "type": "range",
    "registry": true,
    "raw": "browserslist@^4.1.0",
    "name": "browserslist",
    "escapedName": "browserslist",
    "rawSpec": "^4.1.0",
    "saveSpec": null,
    "fetchSpec": "^4.1.0"
  },
  "_requiredBy": [
    "/autoprefixer"
  ],
  "_resolved": "https://registry.npmjs.org/browserslist/-/browserslist-4.8.4.tgz",
  "_shasum": "b0cf2470ce928ce86b546217f70825577bb01c3a",
  "_spec": "browserslist@^4.1.0",
  "_where": "/Users/manuschn/projects/artificial-self-AMLD-2020/tsDataset/node_modules/autoprefixer",
  "author": {
    "name": "Andrey Sitnik",
    "email": "andrey@sitnik.ru"
  },
  "bin": {
    "browserslist": "cli.js"
  },
  "browser": {
    "./node.js": "./browser.js",
    "path": false
  },
  "bugs": {
    "url": "https://github.com/browserslist/browserslist/issues"
  },
  "bundleDependencies": false,
  "dependencies": {
    "caniuse-lite": "^1.0.30001021",
    "electron-to-chromium": "^1.3.338",
    "node-releases": "^1.1.46"
  },
  "deprecated": false,
  "description": "Share target browsers between different front-end tools, like Autoprefixer, Stylelint and babel-env-preset",
  "eslintIgnore": [
    "test/fixtures"
  ],
  "funding": {
    "type": "tidelift",
    "url": "https://tidelift.com/funding/github/npm/browserslist"
  },
  "homepage": "https://github.com/browserslist/browserslist#readme",
  "keywords": [
    "caniuse",
    "browsers",
    "target"
  ],
  "license": "MIT",
  "name": "browserslist",
  "repository": {
    "type": "git",
    "url": "git+https://github.com/browserslist/browserslist.git"
  },
  "sharec": {
    "config": "@logux/sharec-config",
    "version": "0.5.6"
  },
  "version": "4.8.4"
}
