{
  "_from": "@angular/animations@~7.0.0",
  "_id": "@angular/animations@7.0.4",
  "_inBundle": false,
  "_integrity": "sha512-QfFikT0FzYNMjdVg0LWTBijdu9JDJyzejnhCFlXxv+KR4zolpRK98/rU7CFW1Fg2jjL3/yL9PT1sf5I0fTJZYA==",
  "_location": "/@angular/animations",
  "_phantomChildren": {},
  "_requested": {
    "type": "range",
    "registry": true,
    "raw": "@angular/animations@~7.0.0",
    "name": "@angular/animations",
    "escapedName": "@angular%2fanimations",
    "scope": "@angular",
    "rawSpec": "~7.0.0",
    "saveSpec": null,
    "fetchSpec": "~7.0.0"
  },
  "_requiredBy": [
    "/"
  ],
  "_resolved": "https://registry.npmjs.org/@angular/animations/-/animations-7.0.4.tgz",
  "_shasum": "f53fc9f1bce3bf1afe60dcbc08b6863472f519e4",
  "_spec": "@angular/animations@~7.0.0",
  "_where": "/Users/manuschn/projects/artificial-self-AMLD-2020/tsDataset",
  "author": {
    "name": "angular"
  },
  "bugs": {
    "url": "https://github.com/angular/angular/issues"
  },
  "bundleDependencies": false,
  "dependencies": {
    "tslib": "^1.9.0"
  },
  "deprecated": false,
  "description": "Angular - animations integration with web-animations",
  "es2015": "./fesm2015/animations.js",
  "esm2015": "./esm2015/animations.js",
  "esm5": "./esm5/animations.js",
  "fesm2015": "./fesm2015/animations.js",
  "fesm5": "./fesm5/animations.js",
  "homepage": "https://github.com/angular/angular#readme",
  "license": "MIT",
  "main": "./bundles/animations.umd.js",
  "module": "./fesm5/animations.js",
  "name": "@angular/animations",
  "ng-update": {
    "packageGroup": [
      "@angular/core",
      "@angular/bazel",
      "@angular/common",
      "@angular/compiler",
      "@angular/compiler-cli",
      "@angular/animations",
      "@angular/elements",
      "@angular/platform-browser",
      "@angular/platform-browser-dynamic",
      "@angular/forms",
      "@angular/http",
      "@angular/platform-server",
      "@angular/platform-webworker",
      "@angular/platform-webworker-dynamic",
      "@angular/upgrade",
      "@angular/router",
      "@angular/language-service",
      "@angular/service-worker"
    ]
  },
  "peerDependencies": {
    "@angular/core": "7.0.4"
  },
  "repository": {
    "type": "git",
    "url": "git+https://github.com/angular/angular.git"
  },
  "sideEffects": false,
  "typings": "./animations.d.ts",
  "version": "7.0.4"
}
