{
  "_from": "@angular/router@~7.0.0",
  "_id": "@angular/router@7.0.4",
  "_inBundle": false,
  "_integrity": "sha512-nt1jJsxN+JmYZ6URamMdULUpH4aHdnNVKjWtjDI0OpdZvPx7PMFD8cfc92q0tavy2KqqexcceIb4BIC965gtpA==",
  "_location": "/@angular/router",
  "_phantomChildren": {},
  "_requested": {
    "type": "range",
    "registry": true,
    "raw": "@angular/router@~7.0.0",
    "name": "@angular/router",
    "escapedName": "@angular%2frouter",
    "scope": "@angular",
    "rawSpec": "~7.0.0",
    "saveSpec": null,
    "fetchSpec": "~7.0.0"
  },
  "_requiredBy": [
    "/"
  ],
  "_resolved": "https://registry.npmjs.org/@angular/router/-/router-7.0.4.tgz",
  "_shasum": "ae2c32cc6a29bfe6eb909b9c63257d187075f4ff",
  "_spec": "@angular/router@~7.0.0",
  "_where": "/Users/manuschn/projects/artificial-self-AMLD-2020/tsDataset",
  "author": {
    "name": "angular"
  },
  "bugs": {
    "url": "https://github.com/angular/angular/issues"
  },
  "bundleDependencies": false,
  "dependencies": {
    "tslib": "^1.9.0"
  },
  "deprecated": false,
  "description": "Angular - the routing library",
  "es2015": "./fesm2015/router.js",
  "esm2015": "./esm2015/router.js",
  "esm5": "./esm5/router.js",
  "fesm2015": "./fesm2015/router.js",
  "fesm5": "./fesm5/router.js",
  "homepage": "https://github.com/angular/angular/tree/master/packages/router",
  "keywords": [
    "angular",
    "router"
  ],
  "license": "MIT",
  "main": "./bundles/router.umd.js",
  "module": "./fesm5/router.js",
  "name": "@angular/router",
  "ng-update": {
    "packageGroup": [
      "@angular/core",
      "@angular/bazel",
      "@angular/common",
      "@angular/compiler",
      "@angular/compiler-cli",
      "@angular/animations",
      "@angular/elements",
      "@angular/platform-browser",
      "@angular/platform-browser-dynamic",
      "@angular/forms",
      "@angular/http",
      "@angular/platform-server",
      "@angular/platform-webworker",
      "@angular/platform-webworker-dynamic",
      "@angular/upgrade",
      "@angular/router",
      "@angular/language-service",
      "@angular/service-worker"
    ]
  },
  "peerDependencies": {
    "@angular/core": "7.0.4",
    "@angular/common": "7.0.4",
    "@angular/platform-browser": "7.0.4",
    "rxjs": "^6.0.0"
  },
  "repository": {
    "type": "git",
    "url": "git+https://github.com/angular/angular.git"
  },
  "sideEffects": false,
  "typings": "./router.d.ts",
  "version": "7.0.4"
}
