{
  "_from": "p-is-promise@^2.0.0",
  "_id": "p-is-promise@2.1.0",
  "_inBundle": false,
  "_integrity": "sha512-Y3W0wlRPK8ZMRbNq97l4M5otioeA5lm1z7bkNkxCka8HSPjR0xRWmpCmc9utiaLP9Jb1eD8BgeIxTW4AIF45Pg==",
  "_location": "/p-is-promise",
  "_phantomChildren": {},
  "_requested": {
    "type": "range",
    "registry": true,
    "raw": "p-is-promise@^2.0.0",
    "name": "p-is-promise",
    "escapedName": "p-is-promise",
    "rawSpec": "^2.0.0",
    "saveSpec": null,
    "fetchSpec": "^2.0.0"
  },
  "_requiredBy": [
    "/mem"
  ],
  "_resolved": "https://registry.npmjs.org/p-is-promise/-/p-is-promise-2.1.0.tgz",
  "_shasum": "918cebaea248a62cf7ffab8e3bca8c5f882fc42e",
  "_spec": "p-is-promise@^2.0.0",
  "_where": "/Users/manuschn/projects/artificial-self-AMLD-2020/tsDataset/node_modules/mem",
  "author": {
    "name": "Sindre Sorhus",
    "email": "sindresorhus@gmail.com",
    "url": "sindresorhus.com"
  },
  "bugs": {
    "url": "https://github.com/sindresorhus/p-is-promise/issues"
  },
  "bundleDependencies": false,
  "deprecated": false,
  "description": "Check if something is a promise",
  "devDependencies": {
    "ava": "^1.4.1",
    "bluebird": "^3.5.4",
    "tsd": "^0.7.2",
    "xo": "^0.24.0"
  },
  "engines": {
    "node": ">=6"
  },
  "files": [
    "index.js",
    "index.d.ts"
  ],
  "homepage": "https://github.com/sindresorhus/p-is-promise#readme",
  "keywords": [
    "promise",
    "is",
    "detect",
    "check",
    "kind",
    "type",
    "thenable",
    "es2015",
    "async",
    "await",
    "promises",
    "bluebird"
  ],
  "license": "MIT",
  "name": "p-is-promise",
  "repository": {
    "type": "git",
    "url": "git+https://github.com/sindresorhus/p-is-promise.git"
  },
  "scripts": {
    "test": "xo && ava && tsd"
  },
  "version": "2.1.0"
}
