{
  "_from": "compare-versions@^3.4.0",
  "_id": "compare-versions@3.5.1",
  "_inBundle": false,
  "_integrity": "sha512-9fGPIB7C6AyM18CJJBHt5EnCZDG3oiTJYy0NjfIAGjKpzv0tkxWko7TNQHF5ymqm7IH03tqmeuBxtvD+Izh6mg==",
  "_location": "/compare-versions",
  "_phantomChildren": {},
  "_requested": {
    "type": "range",
    "registry": true,
    "raw": "compare-versions@^3.4.0",
    "name": "compare-versions",
    "escapedName": "compare-versions",
    "rawSpec": "^3.4.0",
    "saveSpec": null,
    "fetchSpec": "^3.4.0"
  },
  "_requiredBy": [
    "/istanbul-api"
  ],
  "_resolved": "https://registry.npmjs.org/compare-versions/-/compare-versions-3.5.1.tgz",
  "_shasum": "26e1f5cf0d48a77eced5046b9f67b6b61075a393",
  "_spec": "compare-versions@^3.4.0",
  "_where": "/Users/manuschn/projects/artificial-self-AMLD-2020/tsDataset/node_modules/istanbul-api",
  "author": {
    "name": "Ole Michelsen"
  },
  "bugs": {
    "url": "https://github.com/omichelsen/compare-versions/issues"
  },
  "bundleDependencies": false,
  "deprecated": false,
  "description": "Compare semver version strings to find greater, equal or lesser.",
  "devDependencies": {
    "mocha": "^6.2.0",
    "nyc": "^14.1.1"
  },
  "directories": {
    "test": "test"
  },
  "homepage": "https://github.com/omichelsen/compare-versions#readme",
  "keywords": [
    "semver",
    "version",
    "compare",
    "browser",
    "node"
  ],
  "license": "MIT",
  "main": "index.js",
  "name": "compare-versions",
  "repository": {
    "type": "git",
    "url": "git+https://github.com/omichelsen/compare-versions.git"
  },
  "scripts": {
    "test": "nyc mocha"
  },
  "types": "index.d.ts",
  "version": "3.5.1"
}
