{
  "_from": "inherits@^2.0.1",
  "_id": "inherits@2.0.4",
  "_inBundle": false,
  "_integrity": "sha512-k/vGaX4/Yla3WzyMCvTQOXYeIHvqOKtnqBduzTHpzpQZzAskKMhZ2K+EnBiSM9zGSoIFeMpXKxa4dYeZIQqewQ==",
  "_location": "/inherits",
  "_phantomChildren": {},
  "_requested": {
    "type": "range",
    "registry": true,
    "raw": "inherits@^2.0.1",
    "name": "inherits",
    "escapedName": "inherits",
    "rawSpec": "^2.0.1",
    "saveSpec": null,
    "fetchSpec": "^2.0.1"
  },
  "_requiredBy": [
    "/@angular/compiler-cli/chokidar",
    "/asn1.js",
    "/block-stream",
    "/browserify-aes",
    "/browserify-des",
    "/browserify-sign",
    "/chokidar",
    "/cipher-base",
    "/concat-stream",
    "/create-hash",
    "/create-hmac",
    "/crypto-browserify",
    "/des.js",
    "/duplexify",
    "/elliptic",
    "/flush-write-stream",
    "/from2",
    "/fstream",
    "/glob",
    "/hash-base",
    "/hash.js",
    "/hpack.js",
    "/istanbul/glob",
    "/md5.js",
    "/parallel-transform",
    "/pumpify",
    "/readable-stream",
    "/ripemd160",
    "/sha.js",
    "/sockjs-client",
    "/stream-browserify",
    "/stream-http",
    "/stylus/glob",
    "/tar",
    "/terser-webpack-plugin/glob"
  ],
  "_resolved": "https://registry.npmjs.org/inherits/-/inherits-2.0.4.tgz",
  "_shasum": "0fa2c64f932917c3433a0ded55363aae37416b7c",
  "_spec": "inherits@^2.0.1",
  "_where": "/Users/manuschn/projects/artificial-self-AMLD-2020/tsDataset/node_modules/chokidar",
  "browser": "./inherits_browser.js",
  "bugs": {
    "url": "https://github.com/isaacs/inherits/issues"
  },
  "bundleDependencies": false,
  "deprecated": false,
  "description": "Browser-friendly inheritance fully compatible with standard node.js inherits()",
  "devDependencies": {
    "tap": "^14.2.4"
  },
  "files": [
    "inherits.js",
    "inherits_browser.js"
  ],
  "homepage": "https://github.com/isaacs/inherits#readme",
  "keywords": [
    "inheritance",
    "class",
    "klass",
    "oop",
    "object-oriented",
    "inherits",
    "browser",
    "browserify"
  ],
  "license": "ISC",
  "main": "./inherits.js",
  "name": "inherits",
  "repository": {
    "type": "git",
    "url": "git://github.com/isaacs/inherits.git"
  },
  "scripts": {
    "test": "tap"
  },
  "version": "2.0.4"
}
