{
  "_from": "socket.io-client@2.1.1",
  "_id": "socket.io-client@2.1.1",
  "_inBundle": false,
  "_integrity": "sha512-jxnFyhAuFxYfjqIgduQlhzqTcOEQSn+OHKVfAxWaNWa7ecP7xSNk2Dx/3UEsDcY7NcFafxvNvKPmmO7HTwTxGQ==",
  "_location": "/socket.io-client",
  "_phantomChildren": {
    "ms": "2.0.0"
  },
  "_requested": {
    "type": "version",
    "registry": true,
    "raw": "socket.io-client@2.1.1",
    "name": "socket.io-client",
    "escapedName": "socket.io-client",
    "rawSpec": "2.1.1",
    "saveSpec": null,
    "fetchSpec": "2.1.1"
  },
  "_requiredBy": [
    "/socket.io"
  ],
  "_resolved": "https://registry.npmjs.org/socket.io-client/-/socket.io-client-2.1.1.tgz",
  "_shasum": "dcb38103436ab4578ddb026638ae2f21b623671f",
  "_spec": "socket.io-client@2.1.1",
  "_where": "/Users/manuschn/projects/artificial-self-AMLD-2020/tsDataset/node_modules/socket.io",
  "bugs": {
    "url": "https://github.com/Automattic/socket.io-client/issues"
  },
  "bundleDependencies": false,
  "contributors": [
    {
      "name": "Guillermo Rauch",
      "email": "rauchg@gmail.com"
    },
    {
      "name": "Arnout Kazemier",
      "email": "info@3rd-eden.com"
    },
    {
      "name": "Vladimir Dronnikov",
      "email": "dronnikov@gmail.com"
    },
    {
      "name": "Einar Otto Stangvik",
      "email": "einaros@gmail.com"
    }
  ],
  "dependencies": {
    "backo2": "1.0.2",
    "base64-arraybuffer": "0.1.5",
    "component-bind": "1.0.0",
    "component-emitter": "1.2.1",
    "debug": "~3.1.0",
    "engine.io-client": "~3.2.0",
    "has-binary2": "~1.0.2",
    "has-cors": "1.1.0",
    "indexof": "0.0.1",
    "object-component": "0.0.3",
    "parseqs": "0.0.5",
    "parseuri": "0.0.5",
    "socket.io-parser": "~3.2.0",
    "to-array": "0.1.4"
  },
  "deprecated": false,
  "description": "[![Build Status](https://secure.travis-ci.org/socketio/socket.io-client.svg?branch=master)](http://travis-ci.org/socketio/socket.io-client) [![Dependency Status](https://david-dm.org/socketio/socket.io-client.svg)](https://david-dm.org/socketio/socket.io-client) [![devDependency Status](https://david-dm.org/socketio/socket.io-client/dev-status.svg)](https://david-dm.org/socketio/socket.io-client#info=devDependencies) [![NPM version](https://badge.fury.io/js/socket.io-client.svg)](https://www.npmjs.com/package/socket.io-client) ![Downloads](http://img.shields.io/npm/dm/socket.io-client.svg?style=flat) [![](http://slack.socket.io/badge.svg?)](http://slack.socket.io)",
  "devDependencies": {
    "babel-core": "^6.24.1",
    "babel-eslint": "4.1.7",
    "babel-loader": "7.0.0",
    "babel-preset-es2015": "6.24.1",
    "concat-stream": "^1.6.0",
    "derequire": "^2.0.6",
    "eslint-config-standard": "4.4.0",
    "eslint-plugin-standard": "1.3.1",
    "expect.js": "0.3.1",
    "gulp": "^3.9.1",
    "gulp-eslint": "1.1.1",
    "gulp-file": "^0.3.0",
    "gulp-istanbul": "^1.1.1",
    "gulp-mocha": "^4.3.1",
    "gulp-task-listing": "1.0.1",
    "imports-loader": "^0.7.1",
    "istanbul": "^0.4.5",
    "mocha": "^3.3.0",
    "socket.io": "2.1.1",
    "socket.io-browsers": "^1.0.0",
    "strip-loader": "0.1.2",
    "text-blob-builder": "0.0.1",
    "webpack-merge": "4.1.2",
    "webpack-stream": "3.2.0",
    "zuul": "^3.11.1  ",
    "zuul-builder-webpack": "^1.2.0",
    "zuul-ngrok": "4.0.0"
  },
  "files": [
    "lib/",
    "dist/"
  ],
  "homepage": "https://github.com/Automattic/socket.io-client#readme",
  "keywords": [
    "realtime",
    "framework",
    "websocket",
    "tcp",
    "events",
    "client"
  ],
  "license": "MIT",
  "main": "./lib/index",
  "name": "socket.io-client",
  "repository": {
    "type": "git",
    "url": "git+https://github.com/Automattic/socket.io-client.git"
  },
  "scripts": {
    "test": "gulp test"
  },
  "version": "2.1.1"
}
