{
  "_from": "postcss@7.0.5",
  "_id": "postcss@7.0.5",
  "_inBundle": false,
  "_integrity": "sha512-HBNpviAUFCKvEh7NZhw1e8MBPivRszIiUnhrJ+sBFVSYSqubrzwX3KG51mYgcRHX8j/cAgZJedONZcm5jTBdgQ==",
  "_location": "/postcss",
  "_phantomChildren": {},
  "_requested": {
    "type": "version",
    "registry": true,
    "raw": "postcss@7.0.5",
    "name": "postcss",
    "escapedName": "postcss",
    "rawSpec": "7.0.5",
    "saveSpec": null,
    "fetchSpec": "7.0.5"
  },
  "_requiredBy": [
    "/@angular-devkit/build-angular",
    "/autoprefixer",
    "/postcss-import",
    "/postcss-loader"
  ],
  "_resolved": "https://registry.npmjs.org/postcss/-/postcss-7.0.5.tgz",
  "_shasum": "70e6443e36a6d520b0fd4e7593fcca3635ee9f55",
  "_spec": "postcss@7.0.5",
  "_where": "/Users/manuschn/projects/artificial-self-AMLD-2020/tsDataset/node_modules/@angular-devkit/build-angular",
  "author": {
    "name": "Andrey Sitnik",
    "email": "andrey@sitnik.ru"
  },
  "browser": {
    "./lib/terminal-highlight": false,
    "supports-color": false,
    "chalk": false,
    "fs": false
  },
  "browserslist": [
    "last 2 version",
    "not dead",
    "not Explorer 11",
    "not ExplorerMobile 11",
    "node 6"
  ],
  "bugs": {
    "url": "https://github.com/postcss/postcss/issues"
  },
  "bundleDependencies": false,
  "dependencies": {
    "chalk": "^2.4.1",
    "source-map": "^0.6.1",
    "supports-color": "^5.5.0"
  },
  "deprecated": false,
  "description": "Tool for transforming styles with JS plugins",
  "engines": {
    "node": ">=6.0.0"
  },
  "homepage": "https://postcss.org/",
  "keywords": [
    "css",
    "postcss",
    "rework",
    "preprocessor",
    "parser",
    "source map",
    "transform",
    "manipulation",
    "transpiler"
  ],
  "license": "MIT",
  "main": "lib/postcss",
  "name": "postcss",
  "repository": {
    "type": "git",
    "url": "git+https://github.com/postcss/postcss.git"
  },
  "types": "lib/postcss.d.ts",
  "version": "7.0.5"
}
