{
  "_from": "es-abstract@^1.17.0-next.1",
  "_id": "es-abstract@1.17.4",
  "_inBundle": false,
  "_integrity": "sha512-Ae3um/gb8F0mui/jPL+QiqmglkUsaQf7FwBEHYIFkztkneosu9imhqHpBzQ3h1vit8t5iQ74t6PEVvphBZiuiQ==",
  "_location": "/es-abstract",
  "_phantomChildren": {},
  "_requested": {
    "type": "range",
    "registry": true,
    "raw": "es-abstract@^1.17.0-next.1",
    "name": "es-abstract",
    "escapedName": "es-abstract",
    "rawSpec": "^1.17.0-next.1",
    "saveSpec": null,
    "fetchSpec": "^1.17.0-next.1"
  },
  "_requiredBy": [
    "/regexp.prototype.flags"
  ],
  "_resolved": "https://registry.npmjs.org/es-abstract/-/es-abstract-1.17.4.tgz",
  "_shasum": "e3aedf19706b20e7c2594c35fc0d57605a79e184",
  "_spec": "es-abstract@^1.17.0-next.1",
  "_where": "/Users/manuschn/projects/artificial-self-AMLD-2020/tsDataset/node_modules/regexp.prototype.flags",
  "author": {
    "name": "Jordan Harband",
    "email": "ljharb@gmail.com",
    "url": "http://ljharb.codes"
  },
  "bugs": {
    "url": "https://github.com/ljharb/es-abstract/issues"
  },
  "bundleDependencies": false,
  "contributors": [
    {
      "name": "Jordan Harband",
      "email": "ljharb@gmail.com",
      "url": "http://ljharb.codes"
    }
  ],
  "dependencies": {
    "es-to-primitive": "^1.2.1",
    "function-bind": "^1.1.1",
    "has": "^1.0.3",
    "has-symbols": "^1.0.1",
    "is-callable": "^1.1.5",
    "is-regex": "^1.0.5",
    "object-inspect": "^1.7.0",
    "object-keys": "^1.1.1",
    "object.assign": "^4.1.0",
    "string.prototype.trimleft": "^2.1.1",
    "string.prototype.trimright": "^2.1.1"
  },
  "deprecated": false,
  "description": "ECMAScript spec abstract operations.",
  "devDependencies": {
    "@ljharb/eslint-config": "^15.1.0",
    "array.prototype.indexof": "^1.0.0",
    "cheerio": "^1.0.0-rc.3",
    "diff": "^4.0.2",
    "eclint": "^2.8.1",
    "eslint": "^6.8.0",
    "foreach": "^2.0.5",
    "functions-have-names": "^1.2.1",
    "has-strict-mode": "^1.0.0",
    "in-publish": "^2.0.0",
    "make-arrow-function": "^1.1.0",
    "nyc": "^10.3.2",
    "object-is": "^1.0.2",
    "object.fromentries": "^2.0.2",
    "safe-publish-latest": "^1.1.4",
    "tape": "^5.0.0-next.4"
  },
  "engines": {
    "node": ">= 0.4"
  },
  "funding": {
    "url": "https://github.com/sponsors/ljharb"
  },
  "greenkeeper": {
    "//": "nyc is ignored because it requires node 4+, and we support older than that",
    "ignore": [
      "nyc"
    ]
  },
  "homepage": "https://github.com/ljharb/es-abstract#readme",
  "keywords": [
    "ECMAScript",
    "ES",
    "abstract",
    "operation",
    "abstract operation",
    "JavaScript",
    "ES5",
    "ES6",
    "ES7"
  ],
  "license": "MIT",
  "main": "index.js",
  "name": "es-abstract",
  "repository": {
    "type": "git",
    "url": "git://github.com/ljharb/es-abstract.git"
  },
  "scripts": {
    "coverage": "nyc npm run tests-only >/dev/null",
    "eccheck": "eclint check *.js **/*.js > /dev/null",
    "lint": "eslint .",
    "postcoverage": "nyc report",
    "postspackle": "git ls-files | xargs git check-attr spackled | grep -v 'unspecified$' | cut -d: -f1 | xargs git add",
    "posttest": "npx aud --production",
    "prepublish": "safe-publish-latest && (not-in-publish || npm run spackle)",
    "prespackle": "git ls-files | xargs git check-attr spackled | grep -v 'unspecified$' | cut -d: -f1 | xargs rm || true",
    "pretest": "npm run lint",
    "spackle": "node operations/spackle 1",
    "test": "npm run tests-only",
    "tests-only": "node test"
  },
  "testling": {
    "files": "test/index.js",
    "browsers": [
      "iexplore/6.0..latest",
      "firefox/3.0..6.0",
      "firefox/15.0..latest",
      "firefox/nightly",
      "chrome/4.0..10.0",
      "chrome/20.0..latest",
      "chrome/canary",
      "opera/10.0..latest",
      "opera/next",
      "safari/4.0..latest",
      "ipad/6.0..latest",
      "iphone/6.0..latest",
      "android-browser/4.2"
    ]
  },
  "version": "1.17.4"
}
