{
  "_from": "is-stream@^1.1.0",
  "_id": "is-stream@1.1.0",
  "_inBundle": false,
  "_integrity": "sha1-EtSj3U5o4Lec6428hBc66A2RykQ=",
  "_location": "/is-stream",
  "_phantomChildren": {},
  "_requested": {
    "type": "range",
    "registry": true,
    "raw": "is-stream@^1.1.0",
    "name": "is-stream",
    "escapedName": "is-stream",
    "rawSpec": "^1.1.0",
    "saveSpec": null,
    "fetchSpec": "^1.1.0"
  },
  "_requiredBy": [
    "/@angular/compiler-cli/execa",
    "/execa",
    "/webpack-dev-server/execa"
  ],
  "_resolved": "https://registry.npmjs.org/is-stream/-/is-stream-1.1.0.tgz",
  "_shasum": "12d4a3dd4e68e0b79ceb8dbc84173ae80d91ca44",
  "_spec": "is-stream@^1.1.0",
  "_where": "/Users/manuschn/projects/artificial-self-AMLD-2020/tsDataset/node_modules/execa",
  "author": {
    "name": "Sindre Sorhus",
    "email": "sindresorhus@gmail.com",
    "url": "sindresorhus.com"
  },
  "bugs": {
    "url": "https://github.com/sindresorhus/is-stream/issues"
  },
  "bundleDependencies": false,
  "deprecated": false,
  "description": "Check if something is a Node.js stream",
  "devDependencies": {
    "ava": "*",
    "tempfile": "^1.1.0",
    "xo": "*"
  },
  "engines": {
    "node": ">=0.10.0"
  },
  "files": [
    "index.js"
  ],
  "homepage": "https://github.com/sindresorhus/is-stream#readme",
  "keywords": [
    "stream",
    "type",
    "streams",
    "writable",
    "readable",
    "duplex",
    "transform",
    "check",
    "detect",
    "is"
  ],
  "license": "MIT",
  "name": "is-stream",
  "repository": {
    "type": "git",
    "url": "git+https://github.com/sindresorhus/is-stream.git"
  },
  "scripts": {
    "test": "xo && ava"
  },
  "version": "1.1.0"
}
