{
  "_from": "@schematics/update@0.10.7",
  "_id": "@schematics/update@0.10.7",
  "_inBundle": false,
  "_integrity": "sha512-E4txrdnIcNn1K0xFPmY4ywAnVj+hN2QB1wBijoAMezYTEjcKxW0g6thPfUv6qhIPcphxrCOqwl6cIELZjq2dtA==",
  "_location": "/@schematics/update",
  "_phantomChildren": {},
  "_requested": {
    "type": "version",
    "registry": true,
    "raw": "@schematics/update@0.10.7",
    "name": "@schematics/update",
    "escapedName": "@schematics%2fupdate",
    "scope": "@schematics",
    "rawSpec": "0.10.7",
    "saveSpec": null,
    "fetchSpec": "0.10.7"
  },
  "_requiredBy": [
    "/@angular/cli"
  ],
  "_resolved": "https://registry.npmjs.org/@schematics/update/-/update-0.10.7.tgz",
  "_shasum": "c74c65cb679003b035a25f4f354f48d1054d8eca",
  "_spec": "@schematics/update@0.10.7",
  "_where": "/Users/manuschn/projects/artificial-self-AMLD-2020/tsDataset/node_modules/@angular/cli",
  "author": {
    "name": "Angular Authors"
  },
  "bugs": {
    "url": "https://github.com/angular/angular-cli/issues"
  },
  "bundleDependencies": false,
  "dependencies": {
    "@angular-devkit/core": "7.0.7",
    "@angular-devkit/schematics": "7.0.7",
    "npm-registry-client": "8.6.0",
    "rxjs": "6.3.3",
    "semver": "5.5.1",
    "semver-intersect": "1.4.0"
  },
  "deprecated": false,
  "description": "Schematics specific to updating packages",
  "engines": {
    "node": ">= 8.9.0",
    "npm": ">= 5.5.1"
  },
  "homepage": "https://github.com/angular/angular-cli",
  "keywords": [
    "angular",
    "Angular CLI",
    "devkit",
    "sdk",
    "Angular DevKit",
    "blueprints",
    "code generation",
    "schematics",
    "schematic"
  ],
  "license": "MIT",
  "name": "@schematics/update",
  "repository": {
    "type": "git",
    "url": "git+https://github.com/angular/angular-cli.git"
  },
  "schematics": "./collection.json",
  "version": "0.10.7"
}
