{
  "_from": "resolve@^1.10.0",
  "_id": "resolve@1.14.2",
  "_inBundle": false,
  "_integrity": "sha512-EjlOBLBO1kxsUxsKjLt7TAECyKW6fOh1VRkykQkKGzcBbjjPIxBqGh0jf7GJ3k/f5mxMqW3htMD3WdTUVtW8HQ==",
  "_location": "/normalize-package-data/resolve",
  "_phantomChildren": {},
  "_requested": {
    "type": "range",
    "registry": true,
    "raw": "resolve@^1.10.0",
    "name": "resolve",
    "escapedName": "resolve",
    "rawSpec": "^1.10.0",
    "saveSpec": null,
    "fetchSpec": "^1.10.0"
  },
  "_requiredBy": [
    "/normalize-package-data"
  ],
  "_resolved": "https://registry.npmjs.org/resolve/-/resolve-1.14.2.tgz",
  "_shasum": "dbf31d0fa98b1f29aa5169783b9c290cb865fea2",
  "_spec": "resolve@^1.10.0",
  "_where": "/Users/manuschn/projects/artificial-self-AMLD-2020/tsDataset/node_modules/normalize-package-data",
  "author": {
    "name": "James Halliday",
    "email": "mail@substack.net",
    "url": "http://substack.net"
  },
  "bugs": {
    "url": "https://github.com/browserify/resolve/issues"
  },
  "bundleDependencies": false,
  "dependencies": {
    "path-parse": "^1.0.6"
  },
  "deprecated": false,
  "description": "resolve like require.resolve() on behalf of files asynchronously and synchronously",
  "devDependencies": {
    "@ljharb/eslint-config": "^15.0.2",
    "array.prototype.map": "^1.0.2",
    "eslint": "^6.7.2",
    "object-keys": "^1.1.1",
    "safe-publish-latest": "^1.1.4",
    "tap": "0.4.13",
    "tape": "^4.12.0"
  },
  "funding": {
    "url": "https://github.com/sponsors/ljharb"
  },
  "homepage": "https://github.com/browserify/resolve#readme",
  "keywords": [
    "resolve",
    "require",
    "node",
    "module"
  ],
  "license": "MIT",
  "main": "index.js",
  "name": "resolve",
  "repository": {
    "type": "git",
    "url": "git://github.com/browserify/resolve.git"
  },
  "scripts": {
    "lint": "eslint .",
    "posttest": "npm run test:multirepo",
    "prepublish": "safe-publish-latest",
    "pretest": "npm run lint",
    "pretests-only": "cd ./test/resolver/nested_symlinks && node mylib/sync && node mylib/async",
    "test": "npm run --silent tests-only",
    "test:multirepo": "cd ./test/resolver/multirepo && npm install && npm test",
    "tests-only": "tape test/*.js"
  },
  "version": "1.14.2"
}
