{
  "_from": "supports-color@^6.1.0",
  "_id": "supports-color@6.1.0",
  "_inBundle": false,
  "_integrity": "sha512-qe1jfm1Mg7Nq/NSh6XE24gPXROEVsWHxC1LIx//XNlD9iw7YZQGjZNjYN7xGaEG6iKdA8EtNFW6R0gjnVXp+wQ==",
  "_location": "/istanbul-lib-report/supports-color",
  "_phantomChildren": {},
  "_requested": {
    "type": "range",
    "registry": true,
    "raw": "supports-color@^6.1.0",
    "name": "supports-color",
    "escapedName": "supports-color",
    "rawSpec": "^6.1.0",
    "saveSpec": null,
    "fetchSpec": "^6.1.0"
  },
  "_requiredBy": [
    "/istanbul-lib-report"
  ],
  "_resolved": "https://registry.npmjs.org/supports-color/-/supports-color-6.1.0.tgz",
  "_shasum": "0764abc69c63d5ac842dd4867e8d025e880df8f3",
  "_spec": "supports-color@^6.1.0",
  "_where": "/Users/manuschn/projects/artificial-self-AMLD-2020/tsDataset/node_modules/istanbul-lib-report",
  "author": {
    "name": "Sindre Sorhus",
    "email": "sindresorhus@gmail.com",
    "url": "sindresorhus.com"
  },
  "browser": "browser.js",
  "bugs": {
    "url": "https://github.com/chalk/supports-color/issues"
  },
  "bundleDependencies": false,
  "dependencies": {
    "has-flag": "^3.0.0"
  },
  "deprecated": false,
  "description": "Detect whether a terminal supports color",
  "devDependencies": {
    "ava": "^0.25.0",
    "import-fresh": "^2.0.0",
    "xo": "^0.23.0"
  },
  "engines": {
    "node": ">=6"
  },
  "files": [
    "index.js",
    "browser.js"
  ],
  "homepage": "https://github.com/chalk/supports-color#readme",
  "keywords": [
    "color",
    "colour",
    "colors",
    "terminal",
    "console",
    "cli",
    "ansi",
    "styles",
    "tty",
    "rgb",
    "256",
    "shell",
    "xterm",
    "command-line",
    "support",
    "supports",
    "capability",
    "detect",
    "truecolor",
    "16m"
  ],
  "license": "MIT",
  "name": "supports-color",
  "repository": {
    "type": "git",
    "url": "git+https://github.com/chalk/supports-color.git"
  },
  "scripts": {
    "test": "xo && ava"
  },
  "version": "6.1.0"
}
