{
  "name": "babel-traverse",
  "version": "6.25.0",
  "lockfileVersion": 1,
  "requires": true,
  "dependencies": {
    "babylon": {
      "version": "6.18.0",
      "resolved": "https://registry.npmjs.org/babylon/-/babylon-6.18.0.tgz",
      "integrity": "sha512-q/UEjfGJ2Cm3oKV71DJz9d25TPnq5rhBVL2Q4fA5wcC3jcrdn7+SssEybFIxwAvvP+YCsCYNKughoF33GxgycQ=="
    },
    "debug": {
      "version": "2.6.8",
      "resolved": "https://registry.npmjs.org/debug/-/debug-2.6.8.tgz",
      "integrity": "sha1-5zFTHKLt4n0YgiJCfaF4IdaP9Pw=",
      "requires": {
        "ms": "2.0.0"
      }
    },
    "globals": {
      "version": "9.18.0",
      "resolved": "https://registry.npmjs.org/globals/-/globals-9.18.0.tgz",
      "integrity": "sha512-S0nG3CLEQiY/ILxqtztTWH/3iRRdyBLw6KMDxnKMchrtbj2OFmehVh0WUCfW3DUrIgx/qFrJPICrq4Z4sTR9UQ=="
    },
    "invariant": {
      "version": "2.2.2",
      "resolved": "https://registry.npmjs.org/invariant/-/invariant-2.2.2.tgz",
      "integrity": "sha1-nh9WrArNtr8wMwbzOL47IErmA2A=",
      "requires": {
        "loose-envify": "1.3.1"
      }
    },
    "js-tokens": {
      "version": "3.0.2",
      "resolved": "https://registry.npmjs.org/js-tokens/-/js-tokens-3.0.2.tgz",
      "integrity": "sha1-mGbfOVECEw449/mWvOtlRDIJwls="
    },
    "lodash": {
      "version": "4.17.4",
      "resolved": "https://registry.npmjs.org/lodash/-/lodash-4.17.4.tgz",
      "integrity": "sha1-eCA6TRwyiuHYbcpkYONptX9AVa4="
    },
    "loose-envify": {
      "version": "1.3.1",
      "resolved": "https://registry.npmjs.org/loose-envify/-/loose-envify-1.3.1.tgz",
      "integrity": "sha1-0aitM/qc4OcT1l/dCsi3SNR4yEg=",
      "requires": {
        "js-tokens": "3.0.2"
      }
    },
    "ms": {
      "version": "2.0.0",
      "resolved": "https://registry.npmjs.org/ms/-/ms-2.0.0.tgz",
      "integrity": "sha1-VgiurfwAvmwpAd9fmGF4jeDVl8g="
    }
  }
}
