{
  "_from": "webpack-merge@4.1.4",
  "_id": "webpack-merge@4.1.4",
  "_inBundle": false,
  "_integrity": "sha512-TmSe1HZKeOPey3oy1Ov2iS3guIZjWvMT2BBJDzzT5jScHTjVC3mpjJofgueEzaEd6ibhxRDD6MIblDr8tzh8iQ==",
  "_location": "/webpack-merge",
  "_phantomChildren": {},
  "_requested": {
    "type": "version",
    "registry": true,
    "raw": "webpack-merge@4.1.4",
    "name": "webpack-merge",
    "escapedName": "webpack-merge",
    "rawSpec": "4.1.4",
    "saveSpec": null,
    "fetchSpec": "4.1.4"
  },
  "_requiredBy": [
    "/@angular-devkit/build-angular"
  ],
  "_resolved": "https://registry.npmjs.org/webpack-merge/-/webpack-merge-4.1.4.tgz",
  "_shasum": "0fde38eabf2d5fd85251c24a5a8c48f8a3f4eb7b",
  "_spec": "webpack-merge@4.1.4",
  "_where": "/Users/manuschn/projects/artificial-self-AMLD-2020/tsDataset/node_modules/@angular-devkit/build-angular",
  "author": {
    "name": "Juho Vepsalainen",
    "email": "bebraw@gmail.com"
  },
  "bugs": {
    "url": "https://github.com/survivejs/webpack-merge/issues"
  },
  "bundleDependencies": false,
  "dependencies": {
    "lodash": "^4.17.5"
  },
  "deprecated": false,
  "description": "Variant of merge that's useful for webpack configuration",
  "devDependencies": {
    "babel-cli": "^6.26.0",
    "babel-plugin-lodash": "^3.3.2",
    "babel-preset-es2015": "^6.24.1",
    "copy-webpack-plugin": "^4.4.1",
    "eslint": "^3.19.0",
    "eslint-config-airbnb": "^14.1.0",
    "eslint-plugin-import": "^2.9.0",
    "eslint-plugin-jsx-a11y": "^3.0.2",
    "eslint-plugin-react": "^6.10.3",
    "git-prepush-hook": "^1.0.2",
    "istanbul": "^0.4.5",
    "mocha": "^3.5.3",
    "npm-watch": "^0.1.9",
    "webpack": "^1.15.0"
  },
  "files": [
    "lib"
  ],
  "homepage": "https://github.com/survivejs/webpack-merge",
  "keywords": [
    "webpack",
    "merge"
  ],
  "license": "MIT",
  "main": "lib/index.js",
  "name": "webpack-merge",
  "pre-push": [
    "test:lint",
    "build",
    "test"
  ],
  "repository": {
    "type": "git",
    "url": "git+https://github.com/survivejs/webpack-merge.git"
  },
  "scripts": {
    "build": "babel src -d lib",
    "preversion": "npm run test:lint && npm run build && npm test && git commit --allow-empty -am \"Update lib\"",
    "test": "mocha tests/test-*",
    "test:coverage": "istanbul cover node_modules/.bin/_mocha tests/test-*",
    "test:lint": "eslint src/ tests/ --cache",
    "watch": "npm-watch"
  },
  "version": "4.1.4",
  "watch": {
    "build": {
      "patterns": [
        "src/**/*.js"
      ]
    },
    "test": {
      "patterns": [
        "src/**/*.js",
        "tests/**/*.js"
      ]
    },
    "test:lint": {
      "patterns": [
        "src/**/*.js",
        "tests/**/*.js"
      ]
    }
  }
}
